Workbook

Sheet Instrucciones
A1: Polla Mundial 2026 — Formato manual en Excel
A3: Como usar este archivo:
A4: 1. Hoja "Grupos": una persona (el participante) llena las columnas "Pron. Local" y "Pron. Visitante" con su pronostico de marcador para cada uno de los 72 partidos. Otra persona (el administrador) llena "Real Local" y "Real Visitante" a medida que se juegan los partidos reales.
A5: 2. Hoja "Tabla Grupos": se calcula sola (no se toca) — arma la tabla de posiciones de cada grupo, tanto real como segun el pronostico, y compara quien clasifico a Dieciseisavos (32 equipos).
A6: 3. Hoja "Bracket": para cada llave (32avos a Final), el participante escribe manualmente que 2 equipos cree que se enfrentan y quien gana; el administrador llena los equipos y el ganador real. Los puntos de equipo clasificado y de llave acertada se calculan solos.
A7: 4. Hoja "Goleador": el participante escribe 1 nombre; el administrador escribe hasta 3 nombres reales (estos son los "maximos goleadores" oficiales del torneo).
A8: 5. Hoja "Resumen Puntaje": muestra el total, fase por fase, calculado automaticamente. No se toca.
A10: IMPORTANTE — simplificaciones de esta version (frente al motor real de la app):
A11: - El desempate de la tabla de grupos usa Puntos -> Diferencia de gol -> Goles a favor. NO incluye el mini-cuadrangular de enfrentamientos directos (head-to-head) que usa la FIFA cuando 2+ equipos quedan exactamente empatados en esos 3 criterios. En ese caso, el desempate aqui es arbitrario (por el orden en que aparecen los equipos).
A12: - El bracket NO se arma solo a partir de tus pronosticos de grupo: cada ronda se llena a mano, incluyendo que equipos crees que se enfrentan.
A13: - Las llaves se comparan por posicion (la llave #5 real contra la llave #5 pronosticada), no por "si esa pareja de equipos ocurrio en cualquier posicion de la ronda" como hace la app.
A14: - El nombre del goleador se compara sin distinguir mayusculas/minusculas ni espacios extra, pero SI debe ser el mismo nombre (ej: "Mbappe" y "Kylian Mbappe" cuentan distinto salvo que escribas exactamente igual en ambos lados).
... A21: Goleador: 10 pts (todo o nada)

Sheet Equipos
A1: Grupo | B1: Equipo
A2: A | B2: México
A3: A | B3: Sudáfrica
A4: A | B4: Corea del Sur
A5: A | B5: República Checa
A6: B | B6: Canadá
A7: B | B7: Bosnia y Herzegovina
A8: B | B8: Catar
A9: B | B9: Suiza
A10: C | B10: Brasil
A11: C | B11: Marruecos
A12: C | B12: Haití
... A49: L | B49: Panamá

Sheet Grupos
A1: # | B1: Grupo | C1: Local | D1: Visitante | E1: Pron. Local | F1: Pron. Visitante | G1: Real Local | H1: Real Visitante | I1: Puntos
A2: 1 | B2: A | C2: México | D2: Sudáfrica | I2: =IF(OR(G2="",H2="",E2="",F2=""),0,IF(AND(E2=G2,F2=H2),3,IF(SIGN(E2-F2)=SIGN(G2-H2),1,0)))
A3: 2 | B3: A | C3: Corea del Sur | D3: República Checa | I3: =IF(OR(G3="",H3="",E3="",F3=""),0,IF(AND(E3=G3,F3=H3),3,IF(SIGN(E3-F3)=SIGN(G3-H3),1,0)))
A4: 3 | B4: A | C4: República Checa | D4: Sudáfrica | I4: =IF(OR(G4="",H4="",E4="",F4=""),0,IF(AND(E4=G4,F4=H4),3,IF(SIGN(E4-F4)=SIGN(G4-H4),1,0)))
A5: 4 | B5: A | C5: México | D5: Corea del Sur | I5: =IF(OR(G5="",H5="",E5="",F5=""),0,IF(AND(E5=G5,F5=H5),3,IF(SIGN(E5-F5)=SIGN(G5-H5),1,0)))
A6: 5 | B6: A | C6: República Checa | D6: México | I6: =IF(OR(G6="",H6="",E6="",F6=""),0,IF(AND(E6=G6,F6=H6),3,IF(SIGN(E6-F6)=SIGN(G6-H6),1,0)))
A7: 6 | B7: A | C7: Sudáfrica | D7: Corea del Sur | I7: =IF(OR(G7="",H7="",E7="",F7=""),0,IF(AND(E7=G7,F7=H7),3,IF(SIGN(E7-F7)=SIGN(G7-H7),1,0)))
A8: 7 | B8: B | C8: Canadá | D8: Bosnia y Herzegovina | I8: =IF(OR(G8="",H8="",E8="",F8=""),0,IF(AND(E8=G8,F8=H8),3,IF(SIGN(E8-F8)=SIGN(G8-H8),1,0)))
A9: 8 | B9: B | C9: Catar | D9: Suiza | I9: =IF(OR(G9="",H9="",E9="",F9=""),0,IF(AND(E9=G9,F9=H9),3,IF(SIGN(E9-F9)=SIGN(G9-H9),1,0)))
A10: 9 | B10: B | C10: Suiza | D10: Bosnia y Herzegovina | I10: =IF(OR(G10="",H10="",E10="",F10=""),0,IF(AND(E10=G10,F10=H10),3,IF(SIGN(E10-F10)=SIGN(G10-H10),1,0)))
A11: 10 | B11: B | C11: Canadá | D11: Catar | I11: =IF(OR(G11="",H11="",E11="",F11=""),0,IF(AND(E11=G11,F11=H11),3,IF(SIGN(E11-F11)=SIGN(G11-H11),1,0)))
A12: 11 | B12: B | C12: Suiza | D12: Canadá | I12: =IF(OR(G12="",H12="",E12="",F12=""),0,IF(AND(E12=G12,F12=H12),3,IF(SIGN(E12-F12)=SIGN(G12-H12),1,0)))
A13: 12 | B13: B | C13: Bosnia y Herzegovina | D13: Catar | I13: =IF(OR(G13="",H13="",E13="",F13=""),0,IF(AND(E13=G13,F13=H13),3,IF(SIGN(E13-F13)=SIGN(G13-H13),1,0)))
... A73: 72 | B73: L | C73: Croacia | D73: Ghana | I73: =IF(OR(G73="",H73="",E73="",F73=""),0,IF(AND(E73=G73,F73=H73),3,IF(SIGN(E73-F73)=SIGN(G73-H73),1,0)))
H74: TOTAL GRUPOS | I74: =SUM(I2:I73)

Sheet Tabla Grupos
B1: Equipo | C1: J | D1: G | E1: E | F1: P | G1: GF | H1: GC | I1: DG | J1: Pts | K1: OrdenReal | L1: PosReal | M1: J | N1: G | O1: E | P1: P | Q1: GF | R1: GC | S1: DG | T1: Pts | U1: OrdenPron | V1: PosPron | W1: Posicion | X1: EquipoReal(pos) | Y1: EquipoPron(pos) | Z1: PtsPosicion | AA1: PtsReal(pos) | AB1: DGReal(pos) | AC1: GFReal(pos) | AD1: PtsPron(pos) | AE1: DGPron(pos) | AF1: GFPron(pos)
A2: A | B2: México | C2: =SUMPRODUCT((Grupos!$B$2:$B$73=$A2)*((Grupos!$C$2:$C$73=$B2)+(Grupos!$D$2:$D$73=$B2))*(Grupos!$G$2:$G$73<>"")) | D2: =SUMPRODUCT((Grupos!$B$2:$B$73=$A2)*(Grupos!$C$2:$C$73=$B2)*(Grupos!$G$2:$G$73>Grupos!$H$2:$H$73))+SUMPRODUCT((Grupos!$B$2:$B$73=$A2)*(Grupos!$D$2:$D$73=$B2)*(Grupos!$H$2:$H$73>Grupos!$G$2:$G$73)) | E2: =SUMPRODUCT((Grupos!$B$2:$B$73=$A2)*((Grupos!$C$2:$C$73=$B2)+(Grupos!$D$2:$D$73=$B2))*(Grupos!$G$2:$G$73=Grupos!$H$2:$H$73)*(Grupos!$G$2:$G$73<>"")) | F2: =C2-D2-E2 | G2: =SUMPRODUCT((Grupos!$B$2:$B$73=$A2)*(Grupos!$C$2:$C$73=$B2)*Grupos!$G$2:$G$73)+SUMPRODUCT((Grupos!$B$2:$B$73=$A2)*(Grupos!$D$2:$D$73=$B2)*Grupos!$H$2:$H$73) | H2: =SUMPRODUCT((Grupos!$B$2:$B$73=$A2)*(Grupos!$C$2:$C$73=$B2)*Grupos!$H$2:$H$73)+SUMPRODUCT((Grupos!$B$2:$B$73=$A2)*(Grupos!$D$2:$D$73=$B2)*Grupos!$G$2:$G$73) | I2: =G2-H2 | J2: =D2*3+E2 | K2: =J2*1000000+I2*1000+G2*10-0 | L2: =1+COUNTIF($K$2:$K$5,">"&K2) | M2: =SUMPRODUCT((Grupos!$B$2:$B$73=$A2)*((Grupos!$C$2:$C$73=$B2)+(Grupos!$D$2:$D$73=$B2))*(Grupos!$E$2:$E$73<>"")) | N2: =SUMPRODUCT((Grupos!$B$2:$B$73=$A2)*(Grupos!$C$2:$C$73=$B2)*(Grupos!$E$2:$E$73>Grupos!$F$2:$F$73))+SUMPRODUCT((Grupos!$B$2:$B$73=$A2)*(Grupos!$D$2:$D$73=$B2)*(Grupos!$F$2:$F$73>Grupos!$E$2:$E$73)) | O2: =SUMPRODUCT((Grupos!$B$2:$B$73=$A2)*((Grupos!$C$2:$C$73=$B2)+(Grupos!$D$2:$D$73=$B2))*(Grupos!$E$2:$E$73=Grupos!$F$2:$F$73)*(Grupos!$E$2:$E$73<>"")) | P2: =M2-N2-O2 | Q2: =SUMPRODUCT((Grupos!$B$2:$B$73=$A2)*(Grupos!$C$2:$C$73=$B2)*Grupos!$E$2:$E$73)+SUMPRODUCT((Grupos!$B$2:$B$73=$A2)*(Grupos!$D$2:$D$73=$B2)*Grupos!$F$2:$F$73) | R2: =SUMPRODUCT((Grupos!$B$2:$B$73=$A2)*(Grupos!$C$2:$C$73=$B2)*Grupos!$F$2:$F$73)+SUMPRODUCT((Grupos!$B$2:$B$73=$A2)*(Grupos!$D$2:$D$73=$B2)*Grupos!$E$2:$E$73) | S2: =Q2-R2 | T2: =N2*3+O2 | U2: =T2*1000000+S2*1000+Q2*10-0 | V2: =1+COUNTIF($U$2:$U$5,">"&U2) | W2: 1 | X2: =INDEX($B$2:$B$5,MATCH(W2,$L$2:$L$5,0)) | Y2: =INDEX($B$2:$B$5,MATCH(W2,$V$2:$V$5,0)) | Z2: =IF(AND(X2<>"",X2=Y2),1,0) | AA2: =INDEX($J$2:$J$5,MATCH(W2,$L$2:$L$5,0)) | AB2: =INDEX($I$2:$I$5,MATCH(W2,$L$2:$L$5,0)) | AC2: =INDEX($G$2:$G$5,MATCH(W2,$L$2:$L$5,0)) | AD2: =INDEX($T$2:$T$5,MATCH(W2,$V$2:$V$5,0)) | AE2: =INDEX($S$2:$S$5,MATCH(W2,$V$2:$V$5,0)) | AF2: =INDEX($Q$2:$Q$5,MATCH(W2,$V$2:$V$5,0))
A3: A | B3: Sudáfrica | C3: =SUMPRODUCT((Grupos!$B$2:$B$73=$A3)*((Grupos!$C$2:$C$73=$B3)+(Grupos!$D$2:$D$73=$B3))*(Grupos!$G$2:$G$73<>"")) | D3: =SUMPRODUCT((Grupos!$B$2:$B$73=$A3)*(Grupos!$C$2:$C$73=$B3)*(Grupos!$G$2:$G$73>Grupos!$H$2:$H$73))+SUMPRODUCT((Grupos!$B$2:$B$73=$A3)*(Grupos!$D$2:$D$73=$B3)*(Grupos!$H$2:$H$73>Grupos!$G$2:$G$73)) | E3: =SUMPRODUCT((Grupos!$B$2:$B$73=$A3)*((Grupos!$C$2:$C$73=$B3)+(Grupos!$D$2:$D$73=$B3))*(Grupos!$G$2:$G$73=Grupos!$H$2:$H$73)*(Grupos!$G$2:$G$73<>"")) | F3: =C3-D3-E3 | G3: =SUMPRODUCT((Grupos!$B$2:$B$73=$A3)*(Grupos!$C$2:$C$73=$B3)*Grupos!$G$2:$G$73)+SUMPRODUCT((Grupos!$B$2:$B$73=$A3)*(Grupos!$D$2:$D$73=$B3)*Grupos!$H$2:$H$73) | H3: =SUMPRODUCT((Grupos!$B$2:$B$73=$A3)*(Grupos!$C$2:$C$73=$B3)*Grupos!$H$2:$H$73)+SUMPRODUCT((Grupos!$B$2:$B$73=$A3)*(Grupos!$D$2:$D$73=$B3)*Grupos!$G$2:$G$73) | I3: =G3-H3 | J3: =D3*3+E3 | K3: =J3*1000000+I3*1000+G3*10-1 | L3: =1+COUNTIF($K$2:$K$5,">"&K3) | M3: =SUMPRODUCT((Grupos!$B$2:$B$73=$A3)*((Grupos!$C$2:$C$73=$B3)+(Grupos!$D$2:$D$73=$B3))*(Grupos!$E$2:$E$73<>"")) | N3: =SUMPRODUCT((Grupos!$B$2:$B$73=$A3)*(Grupos!$C$2:$C$73=$B3)*(Grupos!$E$2:$E$73>Grupos!$F$2:$F$73))+SUMPRODUCT((Grupos!$B$2:$B$73=$A3)*(Grupos!$D$2:$D$73=$B3)*(Grupos!$F$2:$F$73>Grupos!$E$2:$E$73)) | O3: =SUMPRODUCT((Grupos!$B$2:$B$73=$A3)*((Grupos!$C$2:$C$73=$B3)+(Grupos!$D$2:$D$73=$B3))*(Grupos!$E$2:$E$73=Grupos!$F$2:$F$73)*(Grupos!$E$2:$E$73<>"")) | P3: =M3-N3-O3 | Q3: =SUMPRODUCT((Grupos!$B$2:$B$73=$A3)*(Grupos!$C$2:$C$73=$B3)*Grupos!$E$2:$E$73)+SUMPRODUCT((Grupos!$B$2:$B$73=$A3)*(Grupos!$D$2:$D$73=$B3)*Grupos!$F$2:$F$73) | R3: =SUMPRODUCT((Grupos!$B$2:$B$73=$A3)*(Grupos!$C$2:$C$73=$B3)*Grupos!$F$2:$F$73)+SUMPRODUCT((Grupos!$B$2:$B$73=$A3)*(Grupos!$D$2:$D$73=$B3)*Grupos!$E$2:$E$73) | S3: =Q3-R3 | T3: =N3*3+O3 | U3: =T3*1000000+S3*1000+Q3*10-1 | V3: =1+COUNTIF($U$2:$U$5,">"&U3) | W3: 2 | X3: =INDEX($B$2:$B$5,MATCH(W3,$L$2:$L$5,0)) | Y3: =INDEX($B$2:$B$5,MATCH(W3,$V$2:$V$5,0)) | Z3: =IF(AND(X3<>"",X3=Y3),1,0) | AA3: =INDEX($J$2:$J$5,MATCH(W3,$L$2:$L$5,0)) | AB3: =INDEX($I$2:$I$5,MATCH(W3,$L$2:$L$5,0)) | AC3: =INDEX($G$2:$G$5,MATCH(W3,$L$2:$L$5,0)) | AD3: =INDEX($T$2:$T$5,MATCH(W3,$V$2:$V$5,0)) | AE3: =INDEX($S$2:$S$5,MATCH(W3,$V$2:$V$5,0)) | AF3: =INDEX($Q$2:$Q$5,MATCH(W3,$V$2:$V$5,0))
A4: A | B4: Corea del Sur | C4: =SUMPRODUCT((Grupos!$B$2:$B$73=$A4)*((Grupos!$C$2:$C$73=$B4)+(Grupos!$D$2:$D$73=$B4))*(Grupos!$G$2:$G$73<>"")) | D4: =SUMPRODUCT((Grupos!$B$2:$B$73=$A4)*(Grupos!$C$2:$C$73=$B4)*(Grupos!$G$2:$G$73>Grupos!$H$2:$H$73))+SUMPRODUCT((Grupos!$B$2:$B$73=$A4)*(Grupos!$D$2:$D$73=$B4)*(Grupos!$H$2:$H$73>Grupos!$G$2:$G$73)) | E4: =SUMPRODUCT((Grupos!$B$2:$B$73=$A4)*((Grupos!$C$2:$C$73=$B4)+(Grupos!$D$2:$D$73=$B4))*(Grupos!$G$2:$G$73=Grupos!$H$2:$H$73)*(Grupos!$G$2:$G$73<>"")) | F4: =C4-D4-E4 | G4: =SUMPRODUCT((Grupos!$B$2:$B$73=$A4)*(Grupos!$C$2:$C$73=$B4)*Grupos!$G$2:$G$73)+SUMPRODUCT((Grupos!$B$2:$B$73=$A4)*(Grupos!$D$2:$D$73=$B4)*Grupos!$H$2:$H$73) | H4: =SUMPRODUCT((Grupos!$B$2:$B$73=$A4)*(Grupos!$C$2:$C$73=$B4)*Grupos!$H$2:$H$73)+SUMPRODUCT((Grupos!$B$2:$B$73=$A4)*(Grupos!$D$2:$D$73=$B4)*Grupos!$G$2:$G$73) | I4: =G4-H4 | J4: =D4*3+E4 | K4: =J4*1000000+I4*1000+G4*10-2 | L4: =1+COUNTIF($K$2:$K$5,">"&K4) | M4: =SUMPRODUCT((Grupos!$B$2:$B$73=$A4)*((Grupos!$C$2:$C$73=$B4)+(Grupos!$D$2:$D$73=$B4))*(Grupos!$E$2:$E$73<>"")) | N4: =SUMPRODUCT((Grupos!$B$2:$B$73=$A4)*(Grupos!$C$2:$C$73=$B4)*(Grupos!$E$2:$E$73>Grupos!$F$2:$F$73))+SUMPRODUCT((Grupos!$B$2:$B$73=$A4)*(Grupos!$D$2:$D$73=$B4)*(Grupos!$F$2:$F$73>Grupos!$E$2:$E$73)) | O4: =SUMPRODUCT((Grupos!$B$2:$B$73=$A4)*((Grupos!$C$2:$C$73=$B4)+(Grupos!$D$2:$D$73=$B4))*(Grupos!$E$2:$E$73=Grupos!$F$2:$F$73)*(Grupos!$E$2:$E$73<>"")) | P4: =M4-N4-O4 | Q4: =SUMPRODUCT((Grupos!$B$2:$B$73=$A4)*(Grupos!$C$2:$C$73=$B4)*Grupos!$E$2:$E$73)+SUMPRODUCT((Grupos!$B$2:$B$73=$A4)*(Grupos!$D$2:$D$73=$B4)*Grupos!$F$2:$F$73) | R4: =SUMPRODUCT((Grupos!$B$2:$B$73=$A4)*(Grupos!$C$2:$C$73=$B4)*Grupos!$F$2:$F$73)+SUMPRODUCT((Grupos!$B$2:$B$73=$A4)*(Grupos!$D$2:$D$73=$B4)*Grupos!$E$2:$E$73) | S4: =Q4-R4 | T4: =N4*3+O4 | U4: =T4*1000000+S4*1000+Q4*10-2 | V4: =1+COUNTIF($U$2:$U$5,">"&U4) | W4: 3 | X4: =INDEX($B$2:$B$5,MATCH(W4,$L$2:$L$5,0)) | Y4: =INDEX($B$2:$B$5,MATCH(W4,$V$2:$V$5,0)) | Z4: =IF(AND(X4<>"",X4=Y4),1,0) | AA4: =INDEX($J$2:$J$5,MATCH(W4,$L$2:$L$5,0)) | AB4: =INDEX($I$2:$I$5,MATCH(W4,$L$2:$L$5,0)) | AC4: =INDEX($G$2:$G$5,MATCH(W4,$L$2:$L$5,0)) | AD4: =INDEX($T$2:$T$5,MATCH(W4,$V$2:$V$5,0)) | AE4: =INDEX($S$2:$S$5,MATCH(W4,$V$2:$V$5,0)) | AF4: =INDEX($Q$2:$Q$5,MATCH(W4,$V$2:$V$5,0))
A5: A | B5: República Checa | C5: =SUMPRODUCT((Grupos!$B$2:$B$73=$A5)*((Grupos!$C$2:$C$73=$B5)+(Grupos!$D$2:$D$73=$B5))*(Grupos!$G$2:$G$73<>"")) | D5: =SUMPRODUCT((Grupos!$B$2:$B$73=$A5)*(Grupos!$C$2:$C$73=$B5)*(Grupos!$G$2:$G$73>Grupos!$H$2:$H$73))+SUMPRODUCT((Grupos!$B$2:$B$73=$A5)*(Grupos!$D$2:$D$73=$B5)*(Grupos!$H$2:$H$73>Grupos!$G$2:$G$73)) | E5: =SUMPRODUCT((Grupos!$B$2:$B$73=$A5)*((Grupos!$C$2:$C$73=$B5)+(Grupos!$D$2:$D$73=$B5))*(Grupos!$G$2:$G$73=Grupos!$H$2:$H$73)*(Grupos!$G$2:$G$73<>"")) | F5: =C5-D5-E5 | G5: =SUMPRODUCT((Grupos!$B$2:$B$73=$A5)*(Grupos!$C$2:$C$73=$B5)*Grupos!$G$2:$G$73)+SUMPRODUCT((Grupos!$B$2:$B$73=$A5)*(Grupos!$D$2:$D$73=$B5)*Grupos!$H$2:$H$73) | H5: =SUMPRODUCT((Grupos!$B$2:$B$73=$A5)*(Grupos!$C$2:$C$73=$B5)*Grupos!$H$2:$H$73)+SUMPRODUCT((Grupos!$B$2:$B$73=$A5)*(Grupos!$D$2:$D$73=$B5)*Grupos!$G$2:$G$73) | I5: =G5-H5 | J5: =D5*3+E5 | K5: =J5*1000000+I5*1000+G5*10-3 | L5: =1+COUNTIF($K$2:$K$5,">"&K5) | M5: =SUMPRODUCT((Grupos!$B$2:$B$73=$A5)*((Grupos!$C$2:$C$73=$B5)+(Grupos!$D$2:$D$73=$B5))*(Grupos!$E$2:$E$73<>"")) | N5: =SUMPRODUCT((Grupos!$B$2:$B$73=$A5)*(Grupos!$C$2:$C$73=$B5)*(Grupos!$E$2:$E$73>Grupos!$F$2:$F$73))+SUMPRODUCT((Grupos!$B$2:$B$73=$A5)*(Grupos!$D$2:$D$73=$B5)*(Grupos!$F$2:$F$73>Grupos!$E$2:$E$73)) | O5: =SUMPRODUCT((Grupos!$B$2:$B$73=$A5)*((Grupos!$C$2:$C$73=$B5)+(Grupos!$D$2:$D$73=$B5))*(Grupos!$E$2:$E$73=Grupos!$F$2:$F$73)*(Grupos!$E$2:$E$73<>"")) | P5: =M5-N5-O5 | Q5: =SUMPRODUCT((Grupos!$B$2:$B$73=$A5)*(Grupos!$C$2:$C$73=$B5)*Grupos!$E$2:$E$73)+SUMPRODUCT((Grupos!$B$2:$B$73=$A5)*(Grupos!$D$2:$D$73=$B5)*Grupos!$F$2:$F$73) | R5: =SUMPRODUCT((Grupos!$B$2:$B$73=$A5)*(Grupos!$C$2:$C$73=$B5)*Grupos!$F$2:$F$73)+SUMPRODUCT((Grupos!$B$2:$B$73=$A5)*(Grupos!$D$2:$D$73=$B5)*Grupos!$E$2:$E$73) | S5: =Q5-R5 | T5: =N5*3+O5 | U5: =T5*1000000+S5*1000+Q5*10-3 | V5: =1+COUNTIF($U$2:$U$5,">"&U5) | W5: 4 | X5: =INDEX($B$2:$B$5,MATCH(W5,$L$2:$L$5,0)) | Y5: =INDEX($B$2:$B$5,MATCH(W5,$V$2:$V$5,0)) | Z5: =IF(AND(X5<>"",X5=Y5),1,0) | AA5: =INDEX($J$2:$J$5,MATCH(W5,$L$2:$L$5,0)) | AB5: =INDEX($I$2:$I$5,MATCH(W5,$L$2:$L$5,0)) | AC5: =INDEX($G$2:$G$5,MATCH(W5,$L$2:$L$5,0)) | AD5: =INDEX($T$2:$T$5,MATCH(W5,$V$2:$V$5,0)) | AE5: =INDEX($S$2:$S$5,MATCH(W5,$V$2:$V$5,0)) | AF5: =INDEX($Q$2:$Q$5,MATCH(W5,$V$2:$V$5,0))
A6: B | B6: Canadá | C6: =SUMPRODUCT((Grupos!$B$2:$B$73=$A6)*((Grupos!$C$2:$C$73=$B6)+(Grupos!$D$2:$D$73=$B6))*(Grupos!$G$2:$G$73<>"")) | D6: =SUMPRODUCT((Grupos!$B$2:$B$73=$A6)*(Grupos!$C$2:$C$73=$B6)*(Grupos!$G$2:$G$73>Grupos!$H$2:$H$73))+SUMPRODUCT((Grupos!$B$2:$B$73=$A6)*(Grupos!$D$2:$D$73=$B6)*(Grupos!$H$2:$H$73>Grupos!$G$2:$G$73)) | E6: =SUMPRODUCT((Grupos!$B$2:$B$73=$A6)*((Grupos!$C$2:$C$73=$B6)+(Grupos!$D$2:$D$73=$B6))*(Grupos!$G$2:$G$73=Grupos!$H$2:$H$73)*(Grupos!$G$2:$G$73<>"")) | F6: =C6-D6-E6 | G6: =SUMPRODUCT((Grupos!$B$2:$B$73=$A6)*(Grupos!$C$2:$C$73=$B6)*Grupos!$G$2:$G$73)+SUMPRODUCT((Grupos!$B$2:$B$73=$A6)*(Grupos!$D$2:$D$73=$B6)*Grupos!$H$2:$H$73) | H6: =SUMPRODUCT((Grupos!$B$2:$B$73=$A6)*(Grupos!$C$2:$C$73=$B6)*Grupos!$H$2:$H$73)+SUMPRODUCT((Grupos!$B$2:$B$73=$A6)*(Grupos!$D$2:$D$73=$B6)*Grupos!$G$2:$G$73) | I6: =G6-H6 | J6: =D6*3+E6 | K6: =J6*1000000+I6*1000+G6*10-0 | L6: =1+COUNTIF($K$6:$K$9,">"&K6) | M6: =SUMPRODUCT((Grupos!$B$2:$B$73=$A6)*((Grupos!$C$2:$C$73=$B6)+(Grupos!$D$2:$D$73=$B6))*(Grupos!$E$2:$E$73<>"")) | N6: =SUMPRODUCT((Grupos!$B$2:$B$73=$A6)*(Grupos!$C$2:$C$73=$B6)*(Grupos!$E$2:$E$73>Grupos!$F$2:$F$73))+SUMPRODUCT((Grupos!$B$2:$B$73=$A6)*(Grupos!$D$2:$D$73=$B6)*(Grupos!$F$2:$F$73>Grupos!$E$2:$E$73)) | O6: =SUMPRODUCT((Grupos!$B$2:$B$73=$A6)*((Grupos!$C$2:$C$73=$B6)+(Grupos!$D$2:$D$73=$B6))*(Grupos!$E$2:$E$73=Grupos!$F$2:$F$73)*(Grupos!$E$2:$E$73<>"")) | P6: =M6-N6-O6 | Q6: =SUMPRODUCT((Grupos!$B$2:$B$73=$A6)*(Grupos!$C$2:$C$73=$B6)*Grupos!$E$2:$E$73)+SUMPRODUCT((Grupos!$B$2:$B$73=$A6)*(Grupos!$D$2:$D$73=$B6)*Grupos!$F$2:$F$73) | R6: =SUMPRODUCT((Grupos!$B$2:$B$73=$A6)*(Grupos!$C$2:$C$73=$B6)*Grupos!$F$2:$F$73)+SUMPRODUCT((Grupos!$B$2:$B$73=$A6)*(Grupos!$D$2:$D$73=$B6)*Grupos!$E$2:$E$73) | S6: =Q6-R6 | T6: =N6*3+O6 | U6: =T6*1000000+S6*1000+Q6*10-0 | V6: =1+COUNTIF($U$6:$U$9,">"&U6) | W6: 1 | X6: =INDEX($B$6:$B$9,MATCH(W6,$L$6:$L$9,0)) | Y6: =INDEX($B$6:$B$9,MATCH(W6,$V$6:$V$9,0)) | Z6: =IF(AND(X6<>"",X6=Y6),1,0) | AA6: =INDEX($J$6:$J$9,MATCH(W6,$L$6:$L$9,0)) | AB6: =INDEX($I$6:$I$9,MATCH(W6,$L$6:$L$9,0)) | AC6: =INDEX($G$6:$G$9,MATCH(W6,$L$6:$L$9,0)) | AD6: =INDEX($T$6:$T$9,MATCH(W6,$V$6:$V$9,0)) | AE6: =INDEX($S$6:$S$9,MATCH(W6,$V$6:$V$9,0)) | AF6: =INDEX($Q$6:$Q$9,MATCH(W6,$V$6:$V$9,0))
A7: B | B7: Bosnia y Herzegovina | C7: =SUMPRODUCT((Grupos!$B$2:$B$73=$A7)*((Grupos!$C$2:$C$73=$B7)+(Grupos!$D$2:$D$73=$B7))*(Grupos!$G$2:$G$73<>"")) | D7: =SUMPRODUCT((Grupos!$B$2:$B$73=$A7)*(Grupos!$C$2:$C$73=$B7)*(Grupos!$G$2:$G$73>Grupos!$H$2:$H$73))+SUMPRODUCT((Grupos!$B$2:$B$73=$A7)*(Grupos!$D$2:$D$73=$B7)*(Grupos!$H$2:$H$73>Grupos!$G$2:$G$73)) | E7: =SUMPRODUCT((Grupos!$B$2:$B$73=$A7)*((Grupos!$C$2:$C$73=$B7)+(Grupos!$D$2:$D$73=$B7))*(Grupos!$G$2:$G$73=Grupos!$H$2:$H$73)*(Grupos!$G$2:$G$73<>"")) | F7: =C7-D7-E7 | G7: =SUMPRODUCT((Grupos!$B$2:$B$73=$A7)*(Grupos!$C$2:$C$73=$B7)*Grupos!$G$2:$G$73)+SUMPRODUCT((Grupos!$B$2:$B$73=$A7)*(Grupos!$D$2:$D$73=$B7)*Grupos!$H$2:$H$73) | H7: =SUMPRODUCT((Grupos!$B$2:$B$73=$A7)*(Grupos!$C$2:$C$73=$B7)*Grupos!$H$2:$H$73)+SUMPRODUCT((Grupos!$B$2:$B$73=$A7)*(Grupos!$D$2:$D$73=$B7)*Grupos!$G$2:$G$73) | I7: =G7-H7 | J7: =D7*3+E7 | K7: =J7*1000000+I7*1000+G7*10-1 | L7: =1+COUNTIF($K$6:$K$9,">"&K7) | M7: =SUMPRODUCT((Grupos!$B$2:$B$73=$A7)*((Grupos!$C$2:$C$73=$B7)+(Grupos!$D$2:$D$73=$B7))*(Grupos!$E$2:$E$73<>"")) | N7: =SUMPRODUCT((Grupos!$B$2:$B$73=$A7)*(Grupos!$C$2:$C$73=$B7)*(Grupos!$E$2:$E$73>Grupos!$F$2:$F$73))+SUMPRODUCT((Grupos!$B$2:$B$73=$A7)*(Grupos!$D$2:$D$73=$B7)*(Grupos!$F$2:$F$73>Grupos!$E$2:$E$73)) | O7: =SUMPRODUCT((Grupos!$B$2:$B$73=$A7)*((Grupos!$C$2:$C$73=$B7)+(Grupos!$D$2:$D$73=$B7))*(Grupos!$E$2:$E$73=Grupos!$F$2:$F$73)*(Grupos!$E$2:$E$73<>"")) | P7: =M7-N7-O7 | Q7: =SUMPRODUCT((Grupos!$B$2:$B$73=$A7)*(Grupos!$C$2:$C$73=$B7)*Grupos!$E$2:$E$73)+SUMPRODUCT((Grupos!$B$2:$B$73=$A7)*(Grupos!$D$2:$D$73=$B7)*Grupos!$F$2:$F$73) | R7: =SUMPRODUCT((Grupos!$B$2:$B$73=$A7)*(Grupos!$C$2:$C$73=$B7)*Grupos!$F$2:$F$73)+SUMPRODUCT((Grupos!$B$2:$B$73=$A7)*(Grupos!$D$2:$D$73=$B7)*Grupos!$E$2:$E$73) | S7: =Q7-R7 | T7: =N7*3+O7 | U7: =T7*1000000+S7*1000+Q7*10-1 | V7: =1+COUNTIF($U$6:$U$9,">"&U7) | W7: 2 | X7: =INDEX($B$6:$B$9,MATCH(W7,$L$6:$L$9,0)) | Y7: =INDEX($B$6:$B$9,MATCH(W7,$V$6:$V$9,0)) | Z7: =IF(AND(X7<>"",X7=Y7),1,0) | AA7: =INDEX($J$6:$J$9,MATCH(W7,$L$6:$L$9,0)) | AB7: =INDEX($I$6:$I$9,MATCH(W7,$L$6:$L$9,0)) | AC7: =INDEX($G$6:$G$9,MATCH(W7,$L$6:$L$9,0)) | AD7: =INDEX($T$6:$T$9,MATCH(W7,$V$6:$V$9,0)) | AE7: =INDEX($S$6:$S$9,MATCH(W7,$V$6:$V$9,0)) | AF7: =INDEX($Q$6:$Q$9,MATCH(W7,$V$6:$V$9,0))
A8: B | B8: Catar | C8: =SUMPRODUCT((Grupos!$B$2:$B$73=$A8)*((Grupos!$C$2:$C$73=$B8)+(Grupos!$D$2:$D$73=$B8))*(Grupos!$G$2:$G$73<>"")) | D8: =SUMPRODUCT((Grupos!$B$2:$B$73=$A8)*(Grupos!$C$2:$C$73=$B8)*(Grupos!$G$2:$G$73>Grupos!$H$2:$H$73))+SUMPRODUCT((Grupos!$B$2:$B$73=$A8)*(Grupos!$D$2:$D$73=$B8)*(Grupos!$H$2:$H$73>Grupos!$G$2:$G$73)) | E8: =SUMPRODUCT((Grupos!$B$2:$B$73=$A8)*((Grupos!$C$2:$C$73=$B8)+(Grupos!$D$2:$D$73=$B8))*(Grupos!$G$2:$G$73=Grupos!$H$2:$H$73)*(Grupos!$G$2:$G$73<>"")) | F8: =C8-D8-E8 | G8: =SUMPRODUCT((Grupos!$B$2:$B$73=$A8)*(Grupos!$C$2:$C$73=$B8)*Grupos!$G$2:$G$73)+SUMPRODUCT((Grupos!$B$2:$B$73=$A8)*(Grupos!$D$2:$D$73=$B8)*Grupos!$H$2:$H$73) | H8: =SUMPRODUCT((Grupos!$B$2:$B$73=$A8)*(Grupos!$C$2:$C$73=$B8)*Grupos!$H$2:$H$73)+SUMPRODUCT((Grupos!$B$2:$B$73=$A8)*(Grupos!$D$2:$D$73=$B8)*Grupos!$G$2:$G$73) | I8: =G8-H8 | J8: =D8*3+E8 | K8: =J8*1000000+I8*1000+G8*10-2 | L8: =1+COUNTIF($K$6:$K$9,">"&K8) | M8: =SUMPRODUCT((Grupos!$B$2:$B$73=$A8)*((Grupos!$C$2:$C$73=$B8)+(Grupos!$D$2:$D$73=$B8))*(Grupos!$E$2:$E$73<>"")) | N8: =SUMPRODUCT((Grupos!$B$2:$B$73=$A8)*(Grupos!$C$2:$C$73=$B8)*(Grupos!$E$2:$E$73>Grupos!$F$2:$F$73))+SUMPRODUCT((Grupos!$B$2:$B$73=$A8)*(Grupos!$D$2:$D$73=$B8)*(Grupos!$F$2:$F$73>Grupos!$E$2:$E$73)) | O8: =SUMPRODUCT((Grupos!$B$2:$B$73=$A8)*((Grupos!$C$2:$C$73=$B8)+(Grupos!$D$2:$D$73=$B8))*(Grupos!$E$2:$E$73=Grupos!$F$2:$F$73)*(Grupos!$E$2:$E$73<>"")) | P8: =M8-N8-O8 | Q8: =SUMPRODUCT((Grupos!$B$2:$B$73=$A8)*(Grupos!$C$2:$C$73=$B8)*Grupos!$E$2:$E$73)+SUMPRODUCT((Grupos!$B$2:$B$73=$A8)*(Grupos!$D$2:$D$73=$B8)*Grupos!$F$2:$F$73) | R8: =SUMPRODUCT((Grupos!$B$2:$B$73=$A8)*(Grupos!$C$2:$C$73=$B8)*Grupos!$F$2:$F$73)+SUMPRODUCT((Grupos!$B$2:$B$73=$A8)*(Grupos!$D$2:$D$73=$B8)*Grupos!$E$2:$E$73) | S8: =Q8-R8 | T8: =N8*3+O8 | U8: =T8*1000000+S8*1000+Q8*10-2 | V8: =1+COUNTIF($U$6:$U$9,">"&U8) | W8: 3 | X8: =INDEX($B$6:$B$9,MATCH(W8,$L$6:$L$9,0)) | Y8: =INDEX($B$6:$B$9,MATCH(W8,$V$6:$V$9,0)) | Z8: =IF(AND(X8<>"",X8=Y8),1,0) | AA8: =INDEX($J$6:$J$9,MATCH(W8,$L$6:$L$9,0)) | AB8: =INDEX($I$6:$I$9,MATCH(W8,$L$6:$L$9,0)) | AC8: =INDEX($G$6:$G$9,MATCH(W8,$L$6:$L$9,0)) | AD8: =INDEX($T$6:$T$9,MATCH(W8,$V$6:$V$9,0)) | AE8: =INDEX($S$6:$S$9,MATCH(W8,$V$6:$V$9,0)) | AF8: =INDEX($Q$6:$Q$9,MATCH(W8,$V$6:$V$9,0))
A9: B | B9: Suiza | C9: =SUMPRODUCT((Grupos!$B$2:$B$73=$A9)*((Grupos!$C$2:$C$73=$B9)+(Grupos!$D$2:$D$73=$B9))*(Grupos!$G$2:$G$73<>"")) | D9: =SUMPRODUCT((Grupos!$B$2:$B$73=$A9)*(Grupos!$C$2:$C$73=$B9)*(Grupos!$G$2:$G$73>Grupos!$H$2:$H$73))+SUMPRODUCT((Grupos!$B$2:$B$73=$A9)*(Grupos!$D$2:$D$73=$B9)*(Grupos!$H$2:$H$73>Grupos!$G$2:$G$73)) | E9: =SUMPRODUCT((Grupos!$B$2:$B$73=$A9)*((Grupos!$C$2:$C$73=$B9)+(Grupos!$D$2:$D$73=$B9))*(Grupos!$G$2:$G$73=Grupos!$H$2:$H$73)*(Grupos!$G$2:$G$73<>"")) | F9: =C9-D9-E9 | G9: =SUMPRODUCT((Grupos!$B$2:$B$73=$A9)*(Grupos!$C$2:$C$73=$B9)*Grupos!$G$2:$G$73)+SUMPRODUCT((Grupos!$B$2:$B$73=$A9)*(Grupos!$D$2:$D$73=$B9)*Grupos!$H$2:$H$73) | H9: =SUMPRODUCT((Grupos!$B$2:$B$73=$A9)*(Grupos!$C$2:$C$73=$B9)*Grupos!$H$2:$H$73)+SUMPRODUCT((Grupos!$B$2:$B$73=$A9)*(Grupos!$D$2:$D$73=$B9)*Grupos!$G$2:$G$73) | I9: =G9-H9 | J9: =D9*3+E9 | K9: =J9*1000000+I9*1000+G9*10-3 | L9: =1+COUNTIF($K$6:$K$9,">"&K9) | M9: =SUMPRODUCT((Grupos!$B$2:$B$73=$A9)*((Grupos!$C$2:$C$73=$B9)+(Grupos!$D$2:$D$73=$B9))*(Grupos!$E$2:$E$73<>"")) | N9: =SUMPRODUCT((Grupos!$B$2:$B$73=$A9)*(Grupos!$C$2:$C$73=$B9)*(Grupos!$E$2:$E$73>Grupos!$F$2:$F$73))+SUMPRODUCT((Grupos!$B$2:$B$73=$A9)*(Grupos!$D$2:$D$73=$B9)*(Grupos!$F$2:$F$73>Grupos!$E$2:$E$73)) | O9: =SUMPRODUCT((Grupos!$B$2:$B$73=$A9)*((Grupos!$C$2:$C$73=$B9)+(Grupos!$D$2:$D$73=$B9))*(Grupos!$E$2:$E$73=Grupos!$F$2:$F$73)*(Grupos!$E$2:$E$73<>"")) | P9: =M9-N9-O9 | Q9: =SUMPRODUCT((Grupos!$B$2:$B$73=$A9)*(Grupos!$C$2:$C$73=$B9)*Grupos!$E$2:$E$73)+SUMPRODUCT((Grupos!$B$2:$B$73=$A9)*(Grupos!$D$2:$D$73=$B9)*Grupos!$F$2:$F$73) | R9: =SUMPRODUCT((Grupos!$B$2:$B$73=$A9)*(Grupos!$C$2:$C$73=$B9)*Grupos!$F$2:$F$73)+SUMPRODUCT((Grupos!$B$2:$B$73=$A9)*(Grupos!$D$2:$D$73=$B9)*Grupos!$E$2:$E$73) | S9: =Q9-R9 | T9: =N9*3+O9 | U9: =T9*1000000+S9*1000+Q9*10-3 | V9: =1+COUNTIF($U$6:$U$9,">"&U9) | W9: 4 | X9: =INDEX($B$6:$B$9,MATCH(W9,$L$6:$L$9,0)) | Y9: =INDEX($B$6:$B$9,MATCH(W9,$V$6:$V$9,0)) | Z9: =IF(AND(X9<>"",X9=Y9),1,0) | AA9: =INDEX($J$6:$J$9,MATCH(W9,$L$6:$L$9,0)) | AB9: =INDEX($I$6:$I$9,MATCH(W9,$L$6:$L$9,0)) | AC9: =INDEX($G$6:$G$9,MATCH(W9,$L$6:$L$9,0)) | AD9: =INDEX($T$6:$T$9,MATCH(W9,$V$6:$V$9,0)) | AE9: =INDEX($S$6:$S$9,MATCH(W9,$V$6:$V$9,0)) | AF9: =INDEX($Q$6:$Q$9,MATCH(W9,$V$6:$V$9,0))
A10: C | B10: Brasil | C10: =SUMPRODUCT((Grupos!$B$2:$B$73=$A10)*((Grupos!$C$2:$C$73=$B10)+(Grupos!$D$2:$D$73=$B10))*(Grupos!$G$2:$G$73<>"")) | D10: =SUMPRODUCT((Grupos!$B$2:$B$73=$A10)*(Grupos!$C$2:$C$73=$B10)*(Grupos!$G$2:$G$73>Grupos!$H$2:$H$73))+SUMPRODUCT((Grupos!$B$2:$B$73=$A10)*(Grupos!$D$2:$D$73=$B10)*(Grupos!$H$2:$H$73>Grupos!$G$2:$G$73)) | E10: =SUMPRODUCT((Grupos!$B$2:$B$73=$A10)*((Grupos!$C$2:$C$73=$B10)+(Grupos!$D$2:$D$73=$B10))*(Grupos!$G$2:$G$73=Grupos!$H$2:$H$73)*(Grupos!$G$2:$G$73<>"")) | F10: =C10-D10-E10 | G10: =SUMPRODUCT((Grupos!$B$2:$B$73=$A10)*(Grupos!$C$2:$C$73=$B10)*Grupos!$G$2:$G$73)+SUMPRODUCT((Grupos!$B$2:$B$73=$A10)*(Grupos!$D$2:$D$73=$B10)*Grupos!$H$2:$H$73) | H10: =SUMPRODUCT((Grupos!$B$2:$B$73=$A10)*(Grupos!$C$2:$C$73=$B10)*Grupos!$H$2:$H$73)+SUMPRODUCT((Grupos!$B$2:$B$73=$A10)*(Grupos!$D$2:$D$73=$B10)*Grupos!$G$2:$G$73) | I10: =G10-H10 | J10: =D10*3+E10 | K10: =J10*1000000+I10*1000+G10*10-0 | L10: =1+COUNTIF($K$10:$K$13,">"&K10) | M10: =SUMPRODUCT((Grupos!$B$2:$B$73=$A10)*((Grupos!$C$2:$C$73=$B10)+(Grupos!$D$2:$D$73=$B10))*(Grupos!$E$2:$E$73<>"")) | N10: =SUMPRODUCT((Grupos!$B$2:$B$73=$A10)*(Grupos!$C$2:$C$73=$B10)*(Grupos!$E$2:$E$73>Grupos!$F$2:$F$73))+SUMPRODUCT((Grupos!$B$2:$B$73=$A10)*(Grupos!$D$2:$D$73=$B10)*(Grupos!$F$2:$F$73>Grupos!$E$2:$E$73)) | O10: =SUMPRODUCT((Grupos!$B$2:$B$73=$A10)*((Grupos!$C$2:$C$73=$B10)+(Grupos!$D$2:$D$73=$B10))*(Grupos!$E$2:$E$73=Grupos!$F$2:$F$73)*(Grupos!$E$2:$E$73<>"")) | P10: =M10-N10-O10 | Q10: =SUMPRODUCT((Grupos!$B$2:$B$73=$A10)*(Grupos!$C$2:$C$73=$B10)*Grupos!$E$2:$E$73)+SUMPRODUCT((Grupos!$B$2:$B$73=$A10)*(Grupos!$D$2:$D$73=$B10)*Grupos!$F$2:$F$73) | R10: =SUMPRODUCT((Grupos!$B$2:$B$73=$A10)*(Grupos!$C$2:$C$73=$B10)*Grupos!$F$2:$F$73)+SUMPRODUCT((Grupos!$B$2:$B$73=$A10)*(Grupos!$D$2:$D$73=$B10)*Grupos!$E$2:$E$73) | S10: =Q10-R10 | T10: =N10*3+O10 | U10: =T10*1000000+S10*1000+Q10*10-0 | V10: =1+COUNTIF($U$10:$U$13,">"&U10) | W10: 1 | X10: =INDEX($B$10:$B$13,MATCH(W10,$L$10:$L$13,0)) | Y10: =INDEX($B$10:$B$13,MATCH(W10,$V$10:$V$13,0)) | Z10: =IF(AND(X10<>"",X10=Y10),1,0) | AA10: =INDEX($J$10:$J$13,MATCH(W10,$L$10:$L$13,0)) | AB10: =INDEX($I$10:$I$13,MATCH(W10,$L$10:$L$13,0)) | AC10: =INDEX($G$10:$G$13,MATCH(W10,$L$10:$L$13,0)) | AD10: =INDEX($T$10:$T$13,MATCH(W10,$V$10:$V$13,0)) | AE10: =INDEX($S$10:$S$13,MATCH(W10,$V$10:$V$13,0)) | AF10: =INDEX($Q$10:$Q$13,MATCH(W10,$V$10:$V$13,0))
A11: C | B11: Marruecos | C11: =SUMPRODUCT((Grupos!$B$2:$B$73=$A11)*((Grupos!$C$2:$C$73=$B11)+(Grupos!$D$2:$D$73=$B11))*(Grupos!$G$2:$G$73<>"")) | D11: =SUMPRODUCT((Grupos!$B$2:$B$73=$A11)*(Grupos!$C$2:$C$73=$B11)*(Grupos!$G$2:$G$73>Grupos!$H$2:$H$73))+SUMPRODUCT((Grupos!$B$2:$B$73=$A11)*(Grupos!$D$2:$D$73=$B11)*(Grupos!$H$2:$H$73>Grupos!$G$2:$G$73)) | E11: =SUMPRODUCT((Grupos!$B$2:$B$73=$A11)*((Grupos!$C$2:$C$73=$B11)+(Grupos!$D$2:$D$73=$B11))*(Grupos!$G$2:$G$73=Grupos!$H$2:$H$73)*(Grupos!$G$2:$G$73<>"")) | F11: =C11-D11-E11 | G11: =SUMPRODUCT((Grupos!$B$2:$B$73=$A11)*(Grupos!$C$2:$C$73=$B11)*Grupos!$G$2:$G$73)+SUMPRODUCT((Grupos!$B$2:$B$73=$A11)*(Grupos!$D$2:$D$73=$B11)*Grupos!$H$2:$H$73) | H11: =SUMPRODUCT((Grupos!$B$2:$B$73=$A11)*(Grupos!$C$2:$C$73=$B11)*Grupos!$H$2:$H$73)+SUMPRODUCT((Grupos!$B$2:$B$73=$A11)*(Grupos!$D$2:$D$73=$B11)*Grupos!$G$2:$G$73) | I11: =G11-H11 | J11: =D11*3+E11 | K11: =J11*1000000+I11*1000+G11*10-1 | L11: =1+COUNTIF($K$10:$K$13,">"&K11) | M11: =SUMPRODUCT((Grupos!$B$2:$B$73=$A11)*((Grupos!$C$2:$C$73=$B11)+(Grupos!$D$2:$D$73=$B11))*(Grupos!$E$2:$E$73<>"")) | N11: =SUMPRODUCT((Grupos!$B$2:$B$73=$A11)*(Grupos!$C$2:$C$73=$B11)*(Grupos!$E$2:$E$73>Grupos!$F$2:$F$73))+SUMPRODUCT((Grupos!$B$2:$B$73=$A11)*(Grupos!$D$2:$D$73=$B11)*(Grupos!$F$2:$F$73>Grupos!$E$2:$E$73)) | O11: =SUMPRODUCT((Grupos!$B$2:$B$73=$A11)*((Grupos!$C$2:$C$73=$B11)+(Grupos!$D$2:$D$73=$B11))*(Grupos!$E$2:$E$73=Grupos!$F$2:$F$73)*(Grupos!$E$2:$E$73<>"")) | P11: =M11-N11-O11 | Q11: =SUMPRODUCT((Grupos!$B$2:$B$73=$A11)*(Grupos!$C$2:$C$73=$B11)*Grupos!$E$2:$E$73)+SUMPRODUCT((Grupos!$B$2:$B$73=$A11)*(Grupos!$D$2:$D$73=$B11)*Grupos!$F$2:$F$73) | R11: =SUMPRODUCT((Grupos!$B$2:$B$73=$A11)*(Grupos!$C$2:$C$73=$B11)*Grupos!$F$2:$F$73)+SUMPRODUCT((Grupos!$B$2:$B$73=$A11)*(Grupos!$D$2:$D$73=$B11)*Grupos!$E$2:$E$73) | S11: =Q11-R11 | T11: =N11*3+O11 | U11: =T11*1000000+S11*1000+Q11*10-1 | V11: =1+COUNTIF($U$10:$U$13,">"&U11) | W11: 2 | X11: =INDEX($B$10:$B$13,MATCH(W11,$L$10:$L$13,0)) | Y11: =INDEX($B$10:$B$13,MATCH(W11,$V$10:$V$13,0)) | Z11: =IF(AND(X11<>"",X11=Y11),1,0) | AA11: =INDEX($J$10:$J$13,MATCH(W11,$L$10:$L$13,0)) | AB11: =INDEX($I$10:$I$13,MATCH(W11,$L$10:$L$13,0)) | AC11: =INDEX($G$10:$G$13,MATCH(W11,$L$10:$L$13,0)) | AD11: =INDEX($T$10:$T$13,MATCH(W11,$V$10:$V$13,0)) | AE11: =INDEX($S$10:$S$13,MATCH(W11,$V$10:$V$13,0)) | AF11: =INDEX($Q$10:$Q$13,MATCH(W11,$V$10:$V$13,0))
A12: C | B12: Haití | C12: =SUMPRODUCT((Grupos!$B$2:$B$73=$A12)*((Grupos!$C$2:$C$73=$B12)+(Grupos!$D$2:$D$73=$B12))*(Grupos!$G$2:$G$73<>"")) | D12: =SUMPRODUCT((Grupos!$B$2:$B$73=$A12)*(Grupos!$C$2:$C$73=$B12)*(Grupos!$G$2:$G$73>Grupos!$H$2:$H$73))+SUMPRODUCT((Grupos!$B$2:$B$73=$A12)*(Grupos!$D$2:$D$73=$B12)*(Grupos!$H$2:$H$73>Grupos!$G$2:$G$73)) | E12: =SUMPRODUCT((Grupos!$B$2:$B$73=$A12)*((Grupos!$C$2:$C$73=$B12)+(Grupos!$D$2:$D$73=$B12))*(Grupos!$G$2:$G$73=Grupos!$H$2:$H$73)*(Grupos!$G$2:$G$73<>"")) | F12: =C12-D12-E12 | G12: =SUMPRODUCT((Grupos!$B$2:$B$73=$A12)*(Grupos!$C$2:$C$73=$B12)*Grupos!$G$2:$G$73)+SUMPRODUCT((Grupos!$B$2:$B$73=$A12)*(Grupos!$D$2:$D$73=$B12)*Grupos!$H$2:$H$73) | H12: =SUMPRODUCT((Grupos!$B$2:$B$73=$A12)*(Grupos!$C$2:$C$73=$B12)*Grupos!$H$2:$H$73)+SUMPRODUCT((Grupos!$B$2:$B$73=$A12)*(Grupos!$D$2:$D$73=$B12)*Grupos!$G$2:$G$73) | I12: =G12-H12 | J12: =D12*3+E12 | K12: =J12*1000000+I12*1000+G12*10-2 | L12: =1+COUNTIF($K$10:$K$13,">"&K12) | M12: =SUMPRODUCT((Grupos!$B$2:$B$73=$A12)*((Grupos!$C$2:$C$73=$B12)+(Grupos!$D$2:$D$73=$B12))*(Grupos!$E$2:$E$73<>"")) | N12: =SUMPRODUCT((Grupos!$B$2:$B$73=$A12)*(Grupos!$C$2:$C$73=$B12)*(Grupos!$E$2:$E$73>Grupos!$F$2:$F$73))+SUMPRODUCT((Grupos!$B$2:$B$73=$A12)*(Grupos!$D$2:$D$73=$B12)*(Grupos!$F$2:$F$73>Grupos!$E$2:$E$73)) | O12: =SUMPRODUCT((Grupos!$B$2:$B$73=$A12)*((Grupos!$C$2:$C$73=$B12)+(Grupos!$D$2:$D$73=$B12))*(Grupos!$E$2:$E$73=Grupos!$F$2:$F$73)*(Grupos!$E$2:$E$73<>"")) | P12: =M12-N12-O12 | Q12: =SUMPRODUCT((Grupos!$B$2:$B$73=$A12)*(Grupos!$C$2:$C$73=$B12)*Grupos!$E$2:$E$73)+SUMPRODUCT((Grupos!$B$2:$B$73=$A12)*(Grupos!$D$2:$D$73=$B12)*Grupos!$F$2:$F$73) | R12: =SUMPRODUCT((Grupos!$B$2:$B$73=$A12)*(Grupos!$C$2:$C$73=$B12)*Grupos!$F$2:$F$73)+SUMPRODUCT((Grupos!$B$2:$B$73=$A12)*(Grupos!$D$2:$D$73=$B12)*Grupos!$E$2:$E$73) | S12: =Q12-R12 | T12: =N12*3+O12 | U12: =T12*1000000+S12*1000+Q12*10-2 | V12: =1+COUNTIF($U$10:$U$13,">"&U12) | W12: 3 | X12: =INDEX($B$10:$B$13,MATCH(W12,$L$10:$L$13,0)) | Y12: =INDEX($B$10:$B$13,MATCH(W12,$V$10:$V$13,0)) | Z12: =IF(AND(X12<>"",X12=Y12),1,0) | AA12: =INDEX($J$10:$J$13,MATCH(W12,$L$10:$L$13,0)) | AB12: =INDEX($I$10:$I$13,MATCH(W12,$L$10:$L$13,0)) | AC12: =INDEX($G$10:$G$13,MATCH(W12,$L$10:$L$13,0)) | AD12: =INDEX($T$10:$T$13,MATCH(W12,$V$10:$V$13,0)) | AE12: =INDEX($S$10:$S$13,MATCH(W12,$V$10:$V$13,0)) | AF12: =INDEX($Q$10:$Q$13,MATCH(W12,$V$10:$V$13,0))
A13: C | B13: Escocia | C13: =SUMPRODUCT((Grupos!$B$2:$B$73=$A13)*((Grupos!$C$2:$C$73=$B13)+(Grupos!$D$2:$D$73=$B13))*(Grupos!$G$2:$G$73<>"")) | D13: =SUMPRODUCT((Grupos!$B$2:$B$73=$A13)*(Grupos!$C$2:$C$73=$B13)*(Grupos!$G$2:$G$73>Grupos!$H$2:$H$73))+SUMPRODUCT((Grupos!$B$2:$B$73=$A13)*(Grupos!$D$2:$D$73=$B13)*(Grupos!$H$2:$H$73>Grupos!$G$2:$G$73)) | E13: =SUMPRODUCT((Grupos!$B$2:$B$73=$A13)*((Grupos!$C$2:$C$73=$B13)+(Grupos!$D$2:$D$73=$B13))*(Grupos!$G$2:$G$73=Grupos!$H$2:$H$73)*(Grupos!$G$2:$G$73<>"")) | F13: =C13-D13-E13 | G13: =SUMPRODUCT((Grupos!$B$2:$B$73=$A13)*(Grupos!$C$2:$C$73=$B13)*Grupos!$G$2:$G$73)+SUMPRODUCT((Grupos!$B$2:$B$73=$A13)*(Grupos!$D$2:$D$73=$B13)*Grupos!$H$2:$H$73) | H13: =SUMPRODUCT((Grupos!$B$2:$B$73=$A13)*(Grupos!$C$2:$C$73=$B13)*Grupos!$H$2:$H$73)+SUMPRODUCT((Grupos!$B$2:$B$73=$A13)*(Grupos!$D$2:$D$73=$B13)*Grupos!$G$2:$G$73) | I13: =G13-H13 | J13: =D13*3+E13 | K13: =J13*1000000+I13*1000+G13*10-3 | L13: =1+COUNTIF($K$10:$K$13,">"&K13) | M13: =SUMPRODUCT((Grupos!$B$2:$B$73=$A13)*((Grupos!$C$2:$C$73=$B13)+(Grupos!$D$2:$D$73=$B13))*(Grupos!$E$2:$E$73<>"")) | N13: =SUMPRODUCT((Grupos!$B$2:$B$73=$A13)*(Grupos!$C$2:$C$73=$B13)*(Grupos!$E$2:$E$73>Grupos!$F$2:$F$73))+SUMPRODUCT((Grupos!$B$2:$B$73=$A13)*(Grupos!$D$2:$D$73=$B13)*(Grupos!$F$2:$F$73>Grupos!$E$2:$E$73)) | O13: =SUMPRODUCT((Grupos!$B$2:$B$73=$A13)*((Grupos!$C$2:$C$73=$B13)+(Grupos!$D$2:$D$73=$B13))*(Grupos!$E$2:$E$73=Grupos!$F$2:$F$73)*(Grupos!$E$2:$E$73<>"")) | P13: =M13-N13-O13 | Q13: =SUMPRODUCT((Grupos!$B$2:$B$73=$A13)*(Grupos!$C$2:$C$73=$B13)*Grupos!$E$2:$E$73)+SUMPRODUCT((Grupos!$B$2:$B$73=$A13)*(Grupos!$D$2:$D$73=$B13)*Grupos!$F$2:$F$73) | R13: =SUMPRODUCT((Grupos!$B$2:$B$73=$A13)*(Grupos!$C$2:$C$73=$B13)*Grupos!$F$2:$F$73)+SUMPRODUCT((Grupos!$B$2:$B$73=$A13)*(Grupos!$D$2:$D$73=$B13)*Grupos!$E$2:$E$73) | S13: =Q13-R13 | T13: =N13*3+O13 | U13: =T13*1000000+S13*1000+Q13*10-3 | V13: =1+COUNTIF($U$10:$U$13,">"&U13) | W13: 4 | X13: =INDEX($B$10:$B$13,MATCH(W13,$L$10:$L$13,0)) | Y13: =INDEX($B$10:$B$13,MATCH(W13,$V$10:$V$13,0)) | Z13: =IF(AND(X13<>"",X13=Y13),1,0) | AA13: =INDEX($J$10:$J$13,MATCH(W13,$L$10:$L$13,0)) | AB13: =INDEX($I$10:$I$13,MATCH(W13,$L$10:$L$13,0)) | AC13: =INDEX($G$10:$G$13,MATCH(W13,$L$10:$L$13,0)) | AD13: =INDEX($T$10:$T$13,MATCH(W13,$V$10:$V$13,0)) | AE13: =INDEX($S$10:$S$13,MATCH(W13,$V$10:$V$13,0)) | AF13: =INDEX($Q$10:$Q$13,MATCH(W13,$V$10:$V$13,0))
A14: D | B14: Estados Unidos | C14: =SUMPRODUCT((Grupos!$B$2:$B$73=$A14)*((Grupos!$C$2:$C$73=$B14)+(Grupos!$D$2:$D$73=$B14))*(Grupos!$G$2:$G$73<>"")) | D14: =SUMPRODUCT((Grupos!$B$2:$B$73=$A14)*(Grupos!$C$2:$C$73=$B14)*(Grupos!$G$2:$G$73>Grupos!$H$2:$H$73))+SUMPRODUCT((Grupos!$B$2:$B$73=$A14)*(Grupos!$D$2:$D$73=$B14)*(Grupos!$H$2:$H$73>Grupos!$G$2:$G$73)) | E14: =SUMPRODUCT((Grupos!$B$2:$B$73=$A14)*((Grupos!$C$2:$C$73=$B14)+(Grupos!$D$2:$D$73=$B14))*(Grupos!$G$2:$G$73=Grupos!$H$2:$H$73)*(Grupos!$G$2:$G$73<>"")) | F14: =C14-D14-E14 | G14: =SUMPRODUCT((Grupos!$B$2:$B$73=$A14)*(Grupos!$C$2:$C$73=$B14)*Grupos!$G$2:$G$73)+SUMPRODUCT((Grupos!$B$2:$B$73=$A14)*(Grupos!$D$2:$D$73=$B14)*Grupos!$H$2:$H$73) | H14: =SUMPRODUCT((Grupos!$B$2:$B$73=$A14)*(Grupos!$C$2:$C$73=$B14)*Grupos!$H$2:$H$73)+SUMPRODUCT((Grupos!$B$2:$B$73=$A14)*(Grupos!$D$2:$D$73=$B14)*Grupos!$G$2:$G$73) | I14: =G14-H14 | J14: =D14*3+E14 | K14: =J14*1000000+I14*1000+G14*10-0 | L14: =1+COUNTIF($K$14:$K$17,">"&K14) | M14: =SUMPRODUCT((Grupos!$B$2:$B$73=$A14)*((Grupos!$C$2:$C$73=$B14)+(Grupos!$D$2:$D$73=$B14))*(Grupos!$E$2:$E$73<>"")) | N14: =SUMPRODUCT((Grupos!$B$2:$B$73=$A14)*(Grupos!$C$2:$C$73=$B14)*(Grupos!$E$2:$E$73>Grupos!$F$2:$F$73))+SUMPRODUCT((Grupos!$B$2:$B$73=$A14)*(Grupos!$D$2:$D$73=$B14)*(Grupos!$F$2:$F$73>Grupos!$E$2:$E$73)) | O14: =SUMPRODUCT((Grupos!$B$2:$B$73=$A14)*((Grupos!$C$2:$C$73=$B14)+(Grupos!$D$2:$D$73=$B14))*(Grupos!$E$2:$E$73=Grupos!$F$2:$F$73)*(Grupos!$E$2:$E$73<>"")) | P14: =M14-N14-O14 | Q14: =SUMPRODUCT((Grupos!$B$2:$B$73=$A14)*(Grupos!$C$2:$C$73=$B14)*Grupos!$E$2:$E$73)+SUMPRODUCT((Grupos!$B$2:$B$73=$A14)*(Grupos!$D$2:$D$73=$B14)*Grupos!$F$2:$F$73) | R14: =SUMPRODUCT((Grupos!$B$2:$B$73=$A14)*(Grupos!$C$2:$C$73=$B14)*Grupos!$F$2:$F$73)+SUMPRODUCT((Grupos!$B$2:$B$73=$A14)*(Grupos!$D$2:$D$73=$B14)*Grupos!$E$2:$E$73) | S14: =Q14-R14 | T14: =N14*3+O14 | U14: =T14*1000000+S14*1000+Q14*10-0 | V14: =1+COUNTIF($U$14:$U$17,">"&U14) | W14: 1 | X14: =INDEX($B$14:$B$17,MATCH(W14,$L$14:$L$17,0)) | Y14: =INDEX($B$14:$B$17,MATCH(W14,$V$14:$V$17,0)) | Z14: =IF(AND(X14<>"",X14=Y14),1,0) | AA14: =INDEX($J$14:$J$17,MATCH(W14,$L$14:$L$17,0)) | AB14: =INDEX($I$14:$I$17,MATCH(W14,$L$14:$L$17,0)) | AC14: =INDEX($G$14:$G$17,MATCH(W14,$L$14:$L$17,0)) | AD14: =INDEX($T$14:$T$17,MATCH(W14,$V$14:$V$17,0)) | AE14: =INDEX($S$14:$S$17,MATCH(W14,$V$14:$V$17,0)) | AF14: =INDEX($Q$14:$Q$17,MATCH(W14,$V$14:$V$17,0))
A15: D | B15: Paraguay | C15: =SUMPRODUCT((Grupos!$B$2:$B$73=$A15)*((Grupos!$C$2:$C$73=$B15)+(Grupos!$D$2:$D$73=$B15))*(Grupos!$G$2:$G$73<>"")) | D15: =SUMPRODUCT((Grupos!$B$2:$B$73=$A15)*(Grupos!$C$2:$C$73=$B15)*(Grupos!$G$2:$G$73>Grupos!$H$2:$H$73))+SUMPRODUCT((Grupos!$B$2:$B$73=$A15)*(Grupos!$D$2:$D$73=$B15)*(Grupos!$H$2:$H$73>Grupos!$G$2:$G$73)) | E15: =SUMPRODUCT((Grupos!$B$2:$B$73=$A15)*((Grupos!$C$2:$C$73=$B15)+(Grupos!$D$2:$D$73=$B15))*(Grupos!$G$2:$G$73=Grupos!$H$2:$H$73)*(Grupos!$G$2:$G$73<>"")) | F15: =C15-D15-E15 | G15: =SUMPRODUCT((Grupos!$B$2:$B$73=$A15)*(Grupos!$C$2:$C$73=$B15)*Grupos!$G$2:$G$73)+SUMPRODUCT((Grupos!$B$2:$B$73=$A15)*(Grupos!$D$2:$D$73=$B15)*Grupos!$H$2:$H$73) | H15: =SUMPRODUCT((Grupos!$B$2:$B$73=$A15)*(Grupos!$C$2:$C$73=$B15)*Grupos!$H$2:$H$73)+SUMPRODUCT((Grupos!$B$2:$B$73=$A15)*(Grupos!$D$2:$D$73=$B15)*Grupos!$G$2:$G$73) | I15: =G15-H15 | J15: =D15*3+E15 | K15: =J15*1000000+I15*1000+G15*10-1 | L15: =1+COUNTIF($K$14:$K$17,">"&K15) | M15: =SUMPRODUCT((Grupos!$B$2:$B$73=$A15)*((Grupos!$C$2:$C$73=$B15)+(Grupos!$D$2:$D$73=$B15))*(Grupos!$E$2:$E$73<>"")) | N15: =SUMPRODUCT((Grupos!$B$2:$B$73=$A15)*(Grupos!$C$2:$C$73=$B15)*(Grupos!$E$2:$E$73>Grupos!$F$2:$F$73))+SUMPRODUCT((Grupos!$B$2:$B$73=$A15)*(Grupos!$D$2:$D$73=$B15)*(Grupos!$F$2:$F$73>Grupos!$E$2:$E$73)) | O15: =SUMPRODUCT((Grupos!$B$2:$B$73=$A15)*((Grupos!$C$2:$C$73=$B15)+(Grupos!$D$2:$D$73=$B15))*(Grupos!$E$2:$E$73=Grupos!$F$2:$F$73)*(Grupos!$E$2:$E$73<>"")) | P15: =M15-N15-O15 | Q15: =SUMPRODUCT((Grupos!$B$2:$B$73=$A15)*(Grupos!$C$2:$C$73=$B15)*Grupos!$E$2:$E$73)+SUMPRODUCT((Grupos!$B$2:$B$73=$A15)*(Grupos!$D$2:$D$73=$B15)*Grupos!$F$2:$F$73) | R15: =SUMPRODUCT((Grupos!$B$2:$B$73=$A15)*(Grupos!$C$2:$C$73=$B15)*Grupos!$F$2:$F$73)+SUMPRODUCT((Grupos!$B$2:$B$73=$A15)*(Grupos!$D$2:$D$73=$B15)*Grupos!$E$2:$E$73) | S15: =Q15-R15 | T15: =N15*3+O15 | U15: =T15*1000000+S15*1000+Q15*10-1 | V15: =1+COUNTIF($U$14:$U$17,">"&U15) | W15: 2 | X15: =INDEX($B$14:$B$17,MATCH(W15,$L$14:$L$17,0)) | Y15: =INDEX($B$14:$B$17,MATCH(W15,$V$14:$V$17,0)) | Z15: =IF(AND(X15<>"",X15=Y15),1,0) | AA15: =INDEX($J$14:$J$17,MATCH(W15,$L$14:$L$17,0)) | AB15: =INDEX($I$14:$I$17,MATCH(W15,$L$14:$L$17,0)) | AC15: =INDEX($G$14:$G$17,MATCH(W15,$L$14:$L$17,0)) | AD15: =INDEX($T$14:$T$17,MATCH(W15,$V$14:$V$17,0)) | AE15: =INDEX($S$14:$S$17,MATCH(W15,$V$14:$V$17,0)) | AF15: =INDEX($Q$14:$Q$17,MATCH(W15,$V$14:$V$17,0))
A16: D | B16: Australia | C16: =SUMPRODUCT((Grupos!$B$2:$B$73=$A16)*((Grupos!$C$2:$C$73=$B16)+(Grupos!$D$2:$D$73=$B16))*(Grupos!$G$2:$G$73<>"")) | D16: =SUMPRODUCT((Grupos!$B$2:$B$73=$A16)*(Grupos!$C$2:$C$73=$B16)*(Grupos!$G$2:$G$73>Grupos!$H$2:$H$73))+SUMPRODUCT((Grupos!$B$2:$B$73=$A16)*(Grupos!$D$2:$D$73=$B16)*(Grupos!$H$2:$H$73>Grupos!$G$2:$G$73)) | E16: =SUMPRODUCT((Grupos!$B$2:$B$73=$A16)*((Grupos!$C$2:$C$73=$B16)+(Grupos!$D$2:$D$73=$B16))*(Grupos!$G$2:$G$73=Grupos!$H$2:$H$73)*(Grupos!$G$2:$G$73<>"")) | F16: =C16-D16-E16 | G16: =SUMPRODUCT((Grupos!$B$2:$B$73=$A16)*(Grupos!$C$2:$C$73=$B16)*Grupos!$G$2:$G$73)+SUMPRODUCT((Grupos!$B$2:$B$73=$A16)*(Grupos!$D$2:$D$73=$B16)*Grupos!$H$2:$H$73) | H16: =SUMPRODUCT((Grupos!$B$2:$B$73=$A16)*(Grupos!$C$2:$C$73=$B16)*Grupos!$H$2:$H$73)+SUMPRODUCT((Grupos!$B$2:$B$73=$A16)*(Grupos!$D$2:$D$73=$B16)*Grupos!$G$2:$G$73) | I16: =G16-H16 | J16: =D16*3+E16 | K16: =J16*1000000+I16*1000+G16*10-2 | L16: =1+COUNTIF($K$14:$K$17,">"&K16) | M16: =SUMPRODUCT((Grupos!$B$2:$B$73=$A16)*((Grupos!$C$2:$C$73=$B16)+(Grupos!$D$2:$D$73=$B16))*(Grupos!$E$2:$E$73<>"")) | N16: =SUMPRODUCT((Grupos!$B$2:$B$73=$A16)*(Grupos!$C$2:$C$73=$B16)*(Grupos!$E$2:$E$73>Grupos!$F$2:$F$73))+SUMPRODUCT((Grupos!$B$2:$B$73=$A16)*(Grupos!$D$2:$D$73=$B16)*(Grupos!$F$2:$F$73>Grupos!$E$2:$E$73)) | O16: =SUMPRODUCT((Grupos!$B$2:$B$73=$A16)*((Grupos!$C$2:$C$73=$B16)+(Grupos!$D$2:$D$73=$B16))*(Grupos!$E$2:$E$73=Grupos!$F$2:$F$73)*(Grupos!$E$2:$E$73<>"")) | P16: =M16-N16-O16 | Q16: =SUMPRODUCT((Grupos!$B$2:$B$73=$A16)*(Grupos!$C$2:$C$73=$B16)*Grupos!$E$2:$E$73)+SUMPRODUCT((Grupos!$B$2:$B$73=$A16)*(Grupos!$D$2:$D$73=$B16)*Grupos!$F$2:$F$73) | R16: =SUMPRODUCT((Grupos!$B$2:$B$73=$A16)*(Grupos!$C$2:$C$73=$B16)*Grupos!$F$2:$F$73)+SUMPRODUCT((Grupos!$B$2:$B$73=$A16)*(Grupos!$D$2:$D$73=$B16)*Grupos!$E$2:$E$73) | S16: =Q16-R16 | T16: =N16*3+O16 | U16: =T16*1000000+S16*1000+Q16*10-2 | V16: =1+COUNTIF($U$14:$U$17,">"&U16) | W16: 3 | X16: =INDEX($B$14:$B$17,MATCH(W16,$L$14:$L$17,0)) | Y16: =INDEX($B$14:$B$17,MATCH(W16,$V$14:$V$17,0)) | Z16: =IF(AND(X16<>"",X16=Y16),1,0) | AA16: =INDEX($J$14:$J$17,MATCH(W16,$L$14:$L$17,0)) | AB16: =INDEX($I$14:$I$17,MATCH(W16,$L$14:$L$17,0)) | AC16: =INDEX($G$14:$G$17,MATCH(W16,$L$14:$L$17,0)) | AD16: =INDEX($T$14:$T$17,MATCH(W16,$V$14:$V$17,0)) | AE16: =INDEX($S$14:$S$17,MATCH(W16,$V$14:$V$17,0)) | AF16: =INDEX($Q$14:$Q$17,MATCH(W16,$V$14:$V$17,0))
A17: D | B17: Turquía | C17: =SUMPRODUCT((Grupos!$B$2:$B$73=$A17)*((Grupos!$C$2:$C$73=$B17)+(Grupos!$D$2:$D$73=$B17))*(Grupos!$G$2:$G$73<>"")) | D17: =SUMPRODUCT((Grupos!$B$2:$B$73=$A17)*(Grupos!$C$2:$C$73=$B17)*(Grupos!$G$2:$G$73>Grupos!$H$2:$H$73))+SUMPRODUCT((Grupos!$B$2:$B$73=$A17)*(Grupos!$D$2:$D$73=$B17)*(Grupos!$H$2:$H$73>Grupos!$G$2:$G$73)) | E17: =SUMPRODUCT((Grupos!$B$2:$B$73=$A17)*((Grupos!$C$2:$C$73=$B17)+(Grupos!$D$2:$D$73=$B17))*(Grupos!$G$2:$G$73=Grupos!$H$2:$H$73)*(Grupos!$G$2:$G$73<>"")) | F17: =C17-D17-E17 | G17: =SUMPRODUCT((Grupos!$B$2:$B$73=$A17)*(Grupos!$C$2:$C$73=$B17)*Grupos!$G$2:$G$73)+SUMPRODUCT((Grupos!$B$2:$B$73=$A17)*(Grupos!$D$2:$D$73=$B17)*Grupos!$H$2:$H$73) | H17: =SUMPRODUCT((Grupos!$B$2:$B$73=$A17)*(Grupos!$C$2:$C$73=$B17)*Grupos!$H$2:$H$73)+SUMPRODUCT((Grupos!$B$2:$B$73=$A17)*(Grupos!$D$2:$D$73=$B17)*Grupos!$G$2:$G$73) | I17: =G17-H17 | J17: =D17*3+E17 | K17: =J17*1000000+I17*1000+G17*10-3 | L17: =1+COUNTIF($K$14:$K$17,">"&K17) | M17: =SUMPRODUCT((Grupos!$B$2:$B$73=$A17)*((Grupos!$C$2:$C$73=$B17)+(Grupos!$D$2:$D$73=$B17))*(Grupos!$E$2:$E$73<>"")) | N17: =SUMPRODUCT((Grupos!$B$2:$B$73=$A17)*(Grupos!$C$2:$C$73=$B17)*(Grupos!$E$2:$E$73>Grupos!$F$2:$F$73))+SUMPRODUCT((Grupos!$B$2:$B$73=$A17)*(Grupos!$D$2:$D$73=$B17)*(Grupos!$F$2:$F$73>Grupos!$E$2:$E$73)) | O17: =SUMPRODUCT((Grupos!$B$2:$B$73=$A17)*((Grupos!$C$2:$C$73=$B17)+(Grupos!$D$2:$D$73=$B17))*(Grupos!$E$2:$E$73=Grupos!$F$2:$F$73)*(Grupos!$E$2:$E$73<>"")) | P17: =M17-N17-O17 | Q17: =SUMPRODUCT((Grupos!$B$2:$B$73=$A17)*(Grupos!$C$2:$C$73=$B17)*Grupos!$E$2:$E$73)+SUMPRODUCT((Grupos!$B$2:$B$73=$A17)*(Grupos!$D$2:$D$73=$B17)*Grupos!$F$2:$F$73) | R17: =SUMPRODUCT((Grupos!$B$2:$B$73=$A17)*(Grupos!$C$2:$C$73=$B17)*Grupos!$F$2:$F$73)+SUMPRODUCT((Grupos!$B$2:$B$73=$A17)*(Grupos!$D$2:$D$73=$B17)*Grupos!$E$2:$E$73) | S17: =Q17-R17 | T17: =N17*3+O17 | U17: =T17*1000000+S17*1000+Q17*10-3 | V17: =1+COUNTIF($U$14:$U$17,">"&U17) | W17: 4 | X17: =INDEX($B$14:$B$17,MATCH(W17,$L$14:$L$17,0)) | Y17: =INDEX($B$14:$B$17,MATCH(W17,$V$14:$V$17,0)) | Z17: =IF(AND(X17<>"",X17=Y17),1,0) | AA17: =INDEX($J$14:$J$17,MATCH(W17,$L$14:$L$17,0)) | AB17: =INDEX($I$14:$I$17,MATCH(W17,$L$14:$L$17,0)) | AC17: =INDEX($G$14:$G$17,MATCH(W17,$L$14:$L$17,0)) | AD17: =INDEX($T$14:$T$17,MATCH(W17,$V$14:$V$17,0)) | AE17: =INDEX($S$14:$S$17,MATCH(W17,$V$14:$V$17,0)) | AF17: =INDEX($Q$14:$Q$17,MATCH(W17,$V$14:$V$17,0))
A18: E | B18: Alemania | C18: =SUMPRODUCT((Grupos!$B$2:$B$73=$A18)*((Grupos!$C$2:$C$73=$B18)+(Grupos!$D$2:$D$73=$B18))*(Grupos!$G$2:$G$73<>"")) | D18: =SUMPRODUCT((Grupos!$B$2:$B$73=$A18)*(Grupos!$C$2:$C$73=$B18)*(Grupos!$G$2:$G$73>Grupos!$H$2:$H$73))+SUMPRODUCT((Grupos!$B$2:$B$73=$A18)*(Grupos!$D$2:$D$73=$B18)*(Grupos!$H$2:$H$73>Grupos!$G$2:$G$73)) | E18: =SUMPRODUCT((Grupos!$B$2:$B$73=$A18)*((Grupos!$C$2:$C$73=$B18)+(Grupos!$D$2:$D$73=$B18))*(Grupos!$G$2:$G$73=Grupos!$H$2:$H$73)*(Grupos!$G$2:$G$73<>"")) | F18: =C18-D18-E18 | G18: =SUMPRODUCT((Grupos!$B$2:$B$73=$A18)*(Grupos!$C$2:$C$73=$B18)*Grupos!$G$2:$G$73)+SUMPRODUCT((Grupos!$B$2:$B$73=$A18)*(Grupos!$D$2:$D$73=$B18)*Grupos!$H$2:$H$73) | H18: =SUMPRODUCT((Grupos!$B$2:$B$73=$A18)*(Grupos!$C$2:$C$73=$B18)*Grupos!$H$2:$H$73)+SUMPRODUCT((Grupos!$B$2:$B$73=$A18)*(Grupos!$D$2:$D$73=$B18)*Grupos!$G$2:$G$73) | I18: =G18-H18 | J18: =D18*3+E18 | K18: =J18*1000000+I18*1000+G18*10-0 | L18: =1+COUNTIF($K$18:$K$21,">"&K18) | M18: =SUMPRODUCT((Grupos!$B$2:$B$73=$A18)*((Grupos!$C$2:$C$73=$B18)+(Grupos!$D$2:$D$73=$B18))*(Grupos!$E$2:$E$73<>"")) | N18: =SUMPRODUCT((Grupos!$B$2:$B$73=$A18)*(Grupos!$C$2:$C$73=$B18)*(Grupos!$E$2:$E$73>Grupos!$F$2:$F$73))+SUMPRODUCT((Grupos!$B$2:$B$73=$A18)*(Grupos!$D$2:$D$73=$B18)*(Grupos!$F$2:$F$73>Grupos!$E$2:$E$73)) | O18: =SUMPRODUCT((Grupos!$B$2:$B$73=$A18)*((Grupos!$C$2:$C$73=$B18)+(Grupos!$D$2:$D$73=$B18))*(Grupos!$E$2:$E$73=Grupos!$F$2:$F$73)*(Grupos!$E$2:$E$73<>"")) | P18: =M18-N18-O18 | Q18: =SUMPRODUCT((Grupos!$B$2:$B$73=$A18)*(Grupos!$C$2:$C$73=$B18)*Grupos!$E$2:$E$73)+SUMPRODUCT((Grupos!$B$2:$B$73=$A18)*(Grupos!$D$2:$D$73=$B18)*Grupos!$F$2:$F$73) | R18: =SUMPRODUCT((Grupos!$B$2:$B$73=$A18)*(Grupos!$C$2:$C$73=$B18)*Grupos!$F$2:$F$73)+SUMPRODUCT((Grupos!$B$2:$B$73=$A18)*(Grupos!$D$2:$D$73=$B18)*Grupos!$E$2:$E$73) | S18: =Q18-R18 | T18: =N18*3+O18 | U18: =T18*1000000+S18*1000+Q18*10-0 | V18: =1+COUNTIF($U$18:$U$21,">"&U18) | W18: 1 | X18: =INDEX($B$18:$B$21,MATCH(W18,$L$18:$L$21,0)) | Y18: =INDEX($B$18:$B$21,MATCH(W18,$V$18:$V$21,0)) | Z18: =IF(AND(X18<>"",X18=Y18),1,0) | AA18: =INDEX($J$18:$J$21,MATCH(W18,$L$18:$L$21,0)) | AB18: =INDEX($I$18:$I$21,MATCH(W18,$L$18:$L$21,0)) | AC18: =INDEX($G$18:$G$21,MATCH(W18,$L$18:$L$21,0)) | AD18: =INDEX($T$18:$T$21,MATCH(W18,$V$18:$V$21,0)) | AE18: =INDEX($S$18:$S$21,MATCH(W18,$V$18:$V$21,0)) | AF18: =INDEX($Q$18:$Q$21,MATCH(W18,$V$18:$V$21,0))
A19: E | B19: Curazao | C19: =SUMPRODUCT((Grupos!$B$2:$B$73=$A19)*((Grupos!$C$2:$C$73=$B19)+(Grupos!$D$2:$D$73=$B19))*(Grupos!$G$2:$G$73<>"")) | D19: =SUMPRODUCT((Grupos!$B$2:$B$73=$A19)*(Grupos!$C$2:$C$73=$B19)*(Grupos!$G$2:$G$73>Grupos!$H$2:$H$73))+SUMPRODUCT((Grupos!$B$2:$B$73=$A19)*(Grupos!$D$2:$D$73=$B19)*(Grupos!$H$2:$H$73>Grupos!$G$2:$G$73)) | E19: =SUMPRODUCT((Grupos!$B$2:$B$73=$A19)*((Grupos!$C$2:$C$73=$B19)+(Grupos!$D$2:$D$73=$B19))*(Grupos!$G$2:$G$73=Grupos!$H$2:$H$73)*(Grupos!$G$2:$G$73<>"")) | F19: =C19-D19-E19 | G19: =SUMPRODUCT((Grupos!$B$2:$B$73=$A19)*(Grupos!$C$2:$C$73=$B19)*Grupos!$G$2:$G$73)+SUMPRODUCT((Grupos!$B$2:$B$73=$A19)*(Grupos!$D$2:$D$73=$B19)*Grupos!$H$2:$H$73) | H19: =SUMPRODUCT((Grupos!$B$2:$B$73=$A19)*(Grupos!$C$2:$C$73=$B19)*Grupos!$H$2:$H$73)+SUMPRODUCT((Grupos!$B$2:$B$73=$A19)*(Grupos!$D$2:$D$73=$B19)*Grupos!$G$2:$G$73) | I19: =G19-H19 | J19: =D19*3+E19 | K19: =J19*1000000+I19*1000+G19*10-1 | L19: =1+COUNTIF($K$18:$K$21,">"&K19) | M19: =SUMPRODUCT((Grupos!$B$2:$B$73=$A19)*((Grupos!$C$2:$C$73=$B19)+(Grupos!$D$2:$D$73=$B19))*(Grupos!$E$2:$E$73<>"")) | N19: =SUMPRODUCT((Grupos!$B$2:$B$73=$A19)*(Grupos!$C$2:$C$73=$B19)*(Grupos!$E$2:$E$73>Grupos!$F$2:$F$73))+SUMPRODUCT((Grupos!$B$2:$B$73=$A19)*(Grupos!$D$2:$D$73=$B19)*(Grupos!$F$2:$F$73>Grupos!$E$2:$E$73)) | O19: =SUMPRODUCT((Grupos!$B$2:$B$73=$A19)*((Grupos!$C$2:$C$73=$B19)+(Grupos!$D$2:$D$73=$B19))*(Grupos!$E$2:$E$73=Grupos!$F$2:$F$73)*(Grupos!$E$2:$E$73<>"")) | P19: =M19-N19-O19 | Q19: =SUMPRODUCT((Grupos!$B$2:$B$73=$A19)*(Grupos!$C$2:$C$73=$B19)*Grupos!$E$2:$E$73)+SUMPRODUCT((Grupos!$B$2:$B$73=$A19)*(Grupos!$D$2:$D$73=$B19)*Grupos!$F$2:$F$73) | R19: =SUMPRODUCT((Grupos!$B$2:$B$73=$A19)*(Grupos!$C$2:$C$73=$B19)*Grupos!$F$2:$F$73)+SUMPRODUCT((Grupos!$B$2:$B$73=$A19)*(Grupos!$D$2:$D$73=$B19)*Grupos!$E$2:$E$73) | S19: =Q19-R19 | T19: =N19*3+O19 | U19: =T19*1000000+S19*1000+Q19*10-1 | V19: =1+COUNTIF($U$18:$U$21,">"&U19) | W19: 2 | X19: =INDEX($B$18:$B$21,MATCH(W19,$L$18:$L$21,0)) | Y19: =INDEX($B$18:$B$21,MATCH(W19,$V$18:$V$21,0)) | Z19: =IF(AND(X19<>"",X19=Y19),1,0) | AA19: =INDEX($J$18:$J$21,MATCH(W19,$L$18:$L$21,0)) | AB19: =INDEX($I$18:$I$21,MATCH(W19,$L$18:$L$21,0)) | AC19: =INDEX($G$18:$G$21,MATCH(W19,$L$18:$L$21,0)) | AD19: =INDEX($T$18:$T$21,MATCH(W19,$V$18:$V$21,0)) | AE19: =INDEX($S$18:$S$21,MATCH(W19,$V$18:$V$21,0)) | AF19: =INDEX($Q$18:$Q$21,MATCH(W19,$V$18:$V$21,0))
A20: E | B20: Costa de Marfil | C20: =SUMPRODUCT((Grupos!$B$2:$B$73=$A20)*((Grupos!$C$2:$C$73=$B20)+(Grupos!$D$2:$D$73=$B20))*(Grupos!$G$2:$G$73<>"")) | D20: =SUMPRODUCT((Grupos!$B$2:$B$73=$A20)*(Grupos!$C$2:$C$73=$B20)*(Grupos!$G$2:$G$73>Grupos!$H$2:$H$73))+SUMPRODUCT((Grupos!$B$2:$B$73=$A20)*(Grupos!$D$2:$D$73=$B20)*(Grupos!$H$2:$H$73>Grupos!$G$2:$G$73)) | E20: =SUMPRODUCT((Grupos!$B$2:$B$73=$A20)*((Grupos!$C$2:$C$73=$B20)+(Grupos!$D$2:$D$73=$B20))*(Grupos!$G$2:$G$73=Grupos!$H$2:$H$73)*(Grupos!$G$2:$G$73<>"")) | F20: =C20-D20-E20 | G20: =SUMPRODUCT((Grupos!$B$2:$B$73=$A20)*(Grupos!$C$2:$C$73=$B20)*Grupos!$G$2:$G$73)+SUMPRODUCT((Grupos!$B$2:$B$73=$A20)*(Grupos!$D$2:$D$73=$B20)*Grupos!$H$2:$H$73) | H20: =SUMPRODUCT((Grupos!$B$2:$B$73=$A20)*(Grupos!$C$2:$C$73=$B20)*Grupos!$H$2:$H$73)+SUMPRODUCT((Grupos!$B$2:$B$73=$A20)*(Grupos!$D$2:$D$73=$B20)*Grupos!$G$2:$G$73) | I20: =G20-H20 | J20: =D20*3+E20 | K20: =J20*1000000+I20*1000+G20*10-2 | L20: =1+COUNTIF($K$18:$K$21,">"&K20) | M20: =SUMPRODUCT((Grupos!$B$2:$B$73=$A20)*((Grupos!$C$2:$C$73=$B20)+(Grupos!$D$2:$D$73=$B20))*(Grupos!$E$2:$E$73<>"")) | N20: =SUMPRODUCT((Grupos!$B$2:$B$73=$A20)*(Grupos!$C$2:$C$73=$B20)*(Grupos!$E$2:$E$73>Grupos!$F$2:$F$73))+SUMPRODUCT((Grupos!$B$2:$B$73=$A20)*(Grupos!$D$2:$D$73=$B20)*(Grupos!$F$2:$F$73>Grupos!$E$2:$E$73)) | O20: =SUMPRODUCT((Grupos!$B$2:$B$73=$A20)*((Grupos!$C$2:$C$73=$B20)+(Grupos!$D$2:$D$73=$B20))*(Grupos!$E$2:$E$73=Grupos!$F$2:$F$73)*(Grupos!$E$2:$E$73<>"")) | P20: =M20-N20-O20 | Q20: =SUMPRODUCT((Grupos!$B$2:$B$73=$A20)*(Grupos!$C$2:$C$73=$B20)*Grupos!$E$2:$E$73)+SUMPRODUCT((Grupos!$B$2:$B$73=$A20)*(Grupos!$D$2:$D$73=$B20)*Grupos!$F$2:$F$73) | R20: =SUMPRODUCT((Grupos!$B$2:$B$73=$A20)*(Grupos!$C$2:$C$73=$B20)*Grupos!$F$2:$F$73)+SUMPRODUCT((Grupos!$B$2:$B$73=$A20)*(Grupos!$D$2:$D$73=$B20)*Grupos!$E$2:$E$73) | S20: =Q20-R20 | T20: =N20*3+O20 | U20: =T20*1000000+S20*1000+Q20*10-2 | V20: =1+COUNTIF($U$18:$U$21,">"&U20) | W20: 3 | X20: =INDEX($B$18:$B$21,MATCH(W20,$L$18:$L$21,0)) | Y20: =INDEX($B$18:$B$21,MATCH(W20,$V$18:$V$21,0)) | Z20: =IF(AND(X20<>"",X20=Y20),1,0) | AA20: =INDEX($J$18:$J$21,MATCH(W20,$L$18:$L$21,0)) | AB20: =INDEX($I$18:$I$21,MATCH(W20,$L$18:$L$21,0)) | AC20: =INDEX($G$18:$G$21,MATCH(W20,$L$18:$L$21,0)) | AD20: =INDEX($T$18:$T$21,MATCH(W20,$V$18:$V$21,0)) | AE20: =INDEX($S$18:$S$21,MATCH(W20,$V$18:$V$21,0)) | AF20: =INDEX($Q$18:$Q$21,MATCH(W20,$V$18:$V$21,0))
A21: E | B21: Ecuador | C21: =SUMPRODUCT((Grupos!$B$2:$B$73=$A21)*((Grupos!$C$2:$C$73=$B21)+(Grupos!$D$2:$D$73=$B21))*(Grupos!$G$2:$G$73<>"")) | D21: =SUMPRODUCT((Grupos!$B$2:$B$73=$A21)*(Grupos!$C$2:$C$73=$B21)*(Grupos!$G$2:$G$73>Grupos!$H$2:$H$73))+SUMPRODUCT((Grupos!$B$2:$B$73=$A21)*(Grupos!$D$2:$D$73=$B21)*(Grupos!$H$2:$H$73>Grupos!$G$2:$G$73)) | E21: =SUMPRODUCT((Grupos!$B$2:$B$73=$A21)*((Grupos!$C$2:$C$73=$B21)+(Grupos!$D$2:$D$73=$B21))*(Grupos!$G$2:$G$73=Grupos!$H$2:$H$73)*(Grupos!$G$2:$G$73<>"")) | F21: =C21-D21-E21 | G21: =SUMPRODUCT((Grupos!$B$2:$B$73=$A21)*(Grupos!$C$2:$C$73=$B21)*Grupos!$G$2:$G$73)+SUMPRODUCT((Grupos!$B$2:$B$73=$A21)*(Grupos!$D$2:$D$73=$B21)*Grupos!$H$2:$H$73) | H21: =SUMPRODUCT((Grupos!$B$2:$B$73=$A21)*(Grupos!$C$2:$C$73=$B21)*Grupos!$H$2:$H$73)+SUMPRODUCT((Grupos!$B$2:$B$73=$A21)*(Grupos!$D$2:$D$73=$B21)*Grupos!$G$2:$G$73) | I21: =G21-H21 | J21: =D21*3+E21 | K21: =J21*1000000+I21*1000+G21*10-3 | L21: =1+COUNTIF($K$18:$K$21,">"&K21) | M21: =SUMPRODUCT((Grupos!$B$2:$B$73=$A21)*((Grupos!$C$2:$C$73=$B21)+(Grupos!$D$2:$D$73=$B21))*(Grupos!$E$2:$E$73<>"")) | N21: =SUMPRODUCT((Grupos!$B$2:$B$73=$A21)*(Grupos!$C$2:$C$73=$B21)*(Grupos!$E$2:$E$73>Grupos!$F$2:$F$73))+SUMPRODUCT((Grupos!$B$2:$B$73=$A21)*(Grupos!$D$2:$D$73=$B21)*(Grupos!$F$2:$F$73>Grupos!$E$2:$E$73)) | O21: =SUMPRODUCT((Grupos!$B$2:$B$73=$A21)*((Grupos!$C$2:$C$73=$B21)+(Grupos!$D$2:$D$73=$B21))*(Grupos!$E$2:$E$73=Grupos!$F$2:$F$73)*(Grupos!$E$2:$E$73<>"")) | P21: =M21-N21-O21 | Q21: =SUMPRODUCT((Grupos!$B$2:$B$73=$A21)*(Grupos!$C$2:$C$73=$B21)*Grupos!$E$2:$E$73)+SUMPRODUCT((Grupos!$B$2:$B$73=$A21)*(Grupos!$D$2:$D$73=$B21)*Grupos!$F$2:$F$73) | R21: =SUMPRODUCT((Grupos!$B$2:$B$73=$A21)*(Grupos!$C$2:$C$73=$B21)*Grupos!$F$2:$F$73)+SUMPRODUCT((Grupos!$B$2:$B$73=$A21)*(Grupos!$D$2:$D$73=$B21)*Grupos!$E$2:$E$73) | S21: =Q21-R21 | T21: =N21*3+O21 | U21: =T21*1000000+S21*1000+Q21*10-3 | V21: =1+COUNTIF($U$18:$U$21,">"&U21) | W21: 4 | X21: =INDEX($B$18:$B$21,MATCH(W21,$L$18:$L$21,0)) | Y21: =INDEX($B$18:$B$21,MATCH(W21,$V$18:$V$21,0)) | Z21: =IF(AND(X21<>"",X21=Y21),1,0) | AA21: =INDEX($J$18:$J$21,MATCH(W21,$L$18:$L$21,0)) | AB21: =INDEX($I$18:$I$21,MATCH(W21,$L$18:$L$21,0)) | AC21: =INDEX($G$18:$G$21,MATCH(W21,$L$18:$L$21,0)) | AD21: =INDEX($T$18:$T$21,MATCH(W21,$V$18:$V$21,0)) | AE21: =INDEX($S$18:$S$21,MATCH(W21,$V$18:$V$21,0)) | AF21: =INDEX($Q$18:$Q$21,MATCH(W21,$V$18:$V$21,0))
A22: F | B22: Países Bajos | C22: =SUMPRODUCT((Grupos!$B$2:$B$73=$A22)*((Grupos!$C$2:$C$73=$B22)+(Grupos!$D$2:$D$73=$B22))*(Grupos!$G$2:$G$73<>"")) | D22: =SUMPRODUCT((Grupos!$B$2:$B$73=$A22)*(Grupos!$C$2:$C$73=$B22)*(Grupos!$G$2:$G$73>Grupos!$H$2:$H$73))+SUMPRODUCT((Grupos!$B$2:$B$73=$A22)*(Grupos!$D$2:$D$73=$B22)*(Grupos!$H$2:$H$73>Grupos!$G$2:$G$73)) | E22: =SUMPRODUCT((Grupos!$B$2:$B$73=$A22)*((Grupos!$C$2:$C$73=$B22)+(Grupos!$D$2:$D$73=$B22))*(Grupos!$G$2:$G$73=Grupos!$H$2:$H$73)*(Grupos!$G$2:$G$73<>"")) | F22: =C22-D22-E22 | G22: =SUMPRODUCT((Grupos!$B$2:$B$73=$A22)*(Grupos!$C$2:$C$73=$B22)*Grupos!$G$2:$G$73)+SUMPRODUCT((Grupos!$B$2:$B$73=$A22)*(Grupos!$D$2:$D$73=$B22)*Grupos!$H$2:$H$73) | H22: =SUMPRODUCT((Grupos!$B$2:$B$73=$A22)*(Grupos!$C$2:$C$73=$B22)*Grupos!$H$2:$H$73)+SUMPRODUCT((Grupos!$B$2:$B$73=$A22)*(Grupos!$D$2:$D$73=$B22)*Grupos!$G$2:$G$73) | I22: =G22-H22 | J22: =D22*3+E22 | K22: =J22*1000000+I22*1000+G22*10-0 | L22: =1+COUNTIF($K$22:$K$25,">"&K22) | M22: =SUMPRODUCT((Grupos!$B$2:$B$73=$A22)*((Grupos!$C$2:$C$73=$B22)+(Grupos!$D$2:$D$73=$B22))*(Grupos!$E$2:$E$73<>"")) | N22: =SUMPRODUCT((Grupos!$B$2:$B$73=$A22)*(Grupos!$C$2:$C$73=$B22)*(Grupos!$E$2:$E$73>Grupos!$F$2:$F$73))+SUMPRODUCT((Grupos!$B$2:$B$73=$A22)*(Grupos!$D$2:$D$73=$B22)*(Grupos!$F$2:$F$73>Grupos!$E$2:$E$73)) | O22: =SUMPRODUCT((Grupos!$B$2:$B$73=$A22)*((Grupos!$C$2:$C$73=$B22)+(Grupos!$D$2:$D$73=$B22))*(Grupos!$E$2:$E$73=Grupos!$F$2:$F$73)*(Grupos!$E$2:$E$73<>"")) | P22: =M22-N22-O22 | Q22: =SUMPRODUCT((Grupos!$B$2:$B$73=$A22)*(Grupos!$C$2:$C$73=$B22)*Grupos!$E$2:$E$73)+SUMPRODUCT((Grupos!$B$2:$B$73=$A22)*(Grupos!$D$2:$D$73=$B22)*Grupos!$F$2:$F$73) | R22: =SUMPRODUCT((Grupos!$B$2:$B$73=$A22)*(Grupos!$C$2:$C$73=$B22)*Grupos!$F$2:$F$73)+SUMPRODUCT((Grupos!$B$2:$B$73=$A22)*(Grupos!$D$2:$D$73=$B22)*Grupos!$E$2:$E$73) | S22: =Q22-R22 | T22: =N22*3+O22 | U22: =T22*1000000+S22*1000+Q22*10-0 | V22: =1+COUNTIF($U$22:$U$25,">"&U22) | W22: 1 | X22: =INDEX($B$22:$B$25,MATCH(W22,$L$22:$L$25,0)) | Y22: =INDEX($B$22:$B$25,MATCH(W22,$V$22:$V$25,0)) | Z22: =IF(AND(X22<>"",X22=Y22),1,0) | AA22: =INDEX($J$22:$J$25,MATCH(W22,$L$22:$L$25,0)) | AB22: =INDEX($I$22:$I$25,MATCH(W22,$L$22:$L$25,0)) | AC22: =INDEX($G$22:$G$25,MATCH(W22,$L$22:$L$25,0)) | AD22: =INDEX($T$22:$T$25,MATCH(W22,$V$22:$V$25,0)) | AE22: =INDEX($S$22:$S$25,MATCH(W22,$V$22:$V$25,0)) | AF22: =INDEX($Q$22:$Q$25,MATCH(W22,$V$22:$V$25,0))
A23: F | B23: Japón | C23: =SUMPRODUCT((Grupos!$B$2:$B$73=$A23)*((Grupos!$C$2:$C$73=$B23)+(Grupos!$D$2:$D$73=$B23))*(Grupos!$G$2:$G$73<>"")) | D23: =SUMPRODUCT((Grupos!$B$2:$B$73=$A23)*(Grupos!$C$2:$C$73=$B23)*(Grupos!$G$2:$G$73>Grupos!$H$2:$H$73))+SUMPRODUCT((Grupos!$B$2:$B$73=$A23)*(Grupos!$D$2:$D$73=$B23)*(Grupos!$H$2:$H$73>Grupos!$G$2:$G$73)) | E23: =SUMPRODUCT((Grupos!$B$2:$B$73=$A23)*((Grupos!$C$2:$C$73=$B23)+(Grupos!$D$2:$D$73=$B23))*(Grupos!$G$2:$G$73=Grupos!$H$2:$H$73)*(Grupos!$G$2:$G$73<>"")) | F23: =C23-D23-E23 | G23: =SUMPRODUCT((Grupos!$B$2:$B$73=$A23)*(Grupos!$C$2:$C$73=$B23)*Grupos!$G$2:$G$73)+SUMPRODUCT((Grupos!$B$2:$B$73=$A23)*(Grupos!$D$2:$D$73=$B23)*Grupos!$H$2:$H$73) | H23: =SUMPRODUCT((Grupos!$B$2:$B$73=$A23)*(Grupos!$C$2:$C$73=$B23)*Grupos!$H$2:$H$73)+SUMPRODUCT((Grupos!$B$2:$B$73=$A23)*(Grupos!$D$2:$D$73=$B23)*Grupos!$G$2:$G$73) | I23: =G23-H23 | J23: =D23*3+E23 | K23: =J23*1000000+I23*1000+G23*10-1 | L23: =1+COUNTIF($K$22:$K$25,">"&K23) | M23: =SUMPRODUCT((Grupos!$B$2:$B$73=$A23)*((Grupos!$C$2:$C$73=$B23)+(Grupos!$D$2:$D$73=$B23))*(Grupos!$E$2:$E$73<>"")) | N23: =SUMPRODUCT((Grupos!$B$2:$B$73=$A23)*(Grupos!$C$2:$C$73=$B23)*(Grupos!$E$2:$E$73>Grupos!$F$2:$F$73))+SUMPRODUCT((Grupos!$B$2:$B$73=$A23)*(Grupos!$D$2:$D$73=$B23)*(Grupos!$F$2:$F$73>Grupos!$E$2:$E$73)) | O23: =SUMPRODUCT((Grupos!$B$2:$B$73=$A23)*((Grupos!$C$2:$C$73=$B23)+(Grupos!$D$2:$D$73=$B23))*(Grupos!$E$2:$E$73=Grupos!$F$2:$F$73)*(Grupos!$E$2:$E$73<>"")) | P23: =M23-N23-O23 | Q23: =SUMPRODUCT((Grupos!$B$2:$B$73=$A23)*(Grupos!$C$2:$C$73=$B23)*Grupos!$E$2:$E$73)+SUMPRODUCT((Grupos!$B$2:$B$73=$A23)*(Grupos!$D$2:$D$73=$B23)*Grupos!$F$2:$F$73) | R23: =SUMPRODUCT((Grupos!$B$2:$B$73=$A23)*(Grupos!$C$2:$C$73=$B23)*Grupos!$F$2:$F$73)+SUMPRODUCT((Grupos!$B$2:$B$73=$A23)*(Grupos!$D$2:$D$73=$B23)*Grupos!$E$2:$E$73) | S23: =Q23-R23 | T23: =N23*3+O23 | U23: =T23*1000000+S23*1000+Q23*10-1 | V23: =1+COUNTIF($U$22:$U$25,">"&U23) | W23: 2 | X23: =INDEX($B$22:$B$25,MATCH(W23,$L$22:$L$25,0)) | Y23: =INDEX($B$22:$B$25,MATCH(W23,$V$22:$V$25,0)) | Z23: =IF(AND(X23<>"",X23=Y23),1,0) | AA23: =INDEX($J$22:$J$25,MATCH(W23,$L$22:$L$25,0)) | AB23: =INDEX($I$22:$I$25,MATCH(W23,$L$22:$L$25,0)) | AC23: =INDEX($G$22:$G$25,MATCH(W23,$L$22:$L$25,0)) | AD23: =INDEX($T$22:$T$25,MATCH(W23,$V$22:$V$25,0)) | AE23: =INDEX($S$22:$S$25,MATCH(W23,$V$22:$V$25,0)) | AF23: =INDEX($Q$22:$Q$25,MATCH(W23,$V$22:$V$25,0))
A24: F | B24: Suecia | C24: =SUMPRODUCT((Grupos!$B$2:$B$73=$A24)*((Grupos!$C$2:$C$73=$B24)+(Grupos!$D$2:$D$73=$B24))*(Grupos!$G$2:$G$73<>"")) | D24: =SUMPRODUCT((Grupos!$B$2:$B$73=$A24)*(Grupos!$C$2:$C$73=$B24)*(Grupos!$G$2:$G$73>Grupos!$H$2:$H$73))+SUMPRODUCT((Grupos!$B$2:$B$73=$A24)*(Grupos!$D$2:$D$73=$B24)*(Grupos!$H$2:$H$73>Grupos!$G$2:$G$73)) | E24: =SUMPRODUCT((Grupos!$B$2:$B$73=$A24)*((Grupos!$C$2:$C$73=$B24)+(Grupos!$D$2:$D$73=$B24))*(Grupos!$G$2:$G$73=Grupos!$H$2:$H$73)*(Grupos!$G$2:$G$73<>"")) | F24: =C24-D24-E24 | G24: =SUMPRODUCT((Grupos!$B$2:$B$73=$A24)*(Grupos!$C$2:$C$73=$B24)*Grupos!$G$2:$G$73)+SUMPRODUCT((Grupos!$B$2:$B$73=$A24)*(Grupos!$D$2:$D$73=$B24)*Grupos!$H$2:$H$73) | H24: =SUMPRODUCT((Grupos!$B$2:$B$73=$A24)*(Grupos!$C$2:$C$73=$B24)*Grupos!$H$2:$H$73)+SUMPRODUCT((Grupos!$B$2:$B$73=$A24)*(Grupos!$D$2:$D$73=$B24)*Grupos!$G$2:$G$73) | I24: =G24-H24 | J24: =D24*3+E24 | K24: =J24*1000000+I24*1000+G24*10-2 | L24: =1+COUNTIF($K$22:$K$25,">"&K24) | M24: =SUMPRODUCT((Grupos!$B$2:$B$73=$A24)*((Grupos!$C$2:$C$73=$B24)+(Grupos!$D$2:$D$73=$B24))*(Grupos!$E$2:$E$73<>"")) | N24: =SUMPRODUCT((Grupos!$B$2:$B$73=$A24)*(Grupos!$C$2:$C$73=$B24)*(Grupos!$E$2:$E$73>Grupos!$F$2:$F$73))+SUMPRODUCT((Grupos!$B$2:$B$73=$A24)*(Grupos!$D$2:$D$73=$B24)*(Grupos!$F$2:$F$73>Grupos!$E$2:$E$73)) | O24: =SUMPRODUCT((Grupos!$B$2:$B$73=$A24)*((Grupos!$C$2:$C$73=$B24)+(Grupos!$D$2:$D$73=$B24))*(Grupos!$E$2:$E$73=Grupos!$F$2:$F$73)*(Grupos!$E$2:$E$73<>"")) | P24: =M24-N24-O24 | Q24: =SUMPRODUCT((Grupos!$B$2:$B$73=$A24)*(Grupos!$C$2:$C$73=$B24)*Grupos!$E$2:$E$73)+SUMPRODUCT((Grupos!$B$2:$B$73=$A24)*(Grupos!$D$2:$D$73=$B24)*Grupos!$F$2:$F$73) | R24: =SUMPRODUCT((Grupos!$B$2:$B$73=$A24)*(Grupos!$C$2:$C$73=$B24)*Grupos!$F$2:$F$73)+SUMPRODUCT((Grupos!$B$2:$B$73=$A24)*(Grupos!$D$2:$D$73=$B24)*Grupos!$E$2:$E$73) | S24: =Q24-R24 | T24: =N24*3+O24 | U24: =T24*1000000+S24*1000+Q24*10-2 | V24: =1+COUNTIF($U$22:$U$25,">"&U24) | W24: 3 | X24: =INDEX($B$22:$B$25,MATCH(W24,$L$22:$L$25,0)) | Y24: =INDEX($B$22:$B$25,MATCH(W24,$V$22:$V$25,0)) | Z24: =IF(AND(X24<>"",X24=Y24),1,0) | AA24: =INDEX($J$22:$J$25,MATCH(W24,$L$22:$L$25,0)) | AB24: =INDEX($I$22:$I$25,MATCH(W24,$L$22:$L$25,0)) | AC24: =INDEX($G$22:$G$25,MATCH(W24,$L$22:$L$25,0)) | AD24: =INDEX($T$22:$T$25,MATCH(W24,$V$22:$V$25,0)) | AE24: =INDEX($S$22:$S$25,MATCH(W24,$V$22:$V$25,0)) | AF24: =INDEX($Q$22:$Q$25,MATCH(W24,$V$22:$V$25,0))
A25: F | B25: Túnez | C25: =SUMPRODUCT((Grupos!$B$2:$B$73=$A25)*((Grupos!$C$2:$C$73=$B25)+(Grupos!$D$2:$D$73=$B25))*(Grupos!$G$2:$G$73<>"")) | D25: =SUMPRODUCT((Grupos!$B$2:$B$73=$A25)*(Grupos!$C$2:$C$73=$B25)*(Grupos!$G$2:$G$73>Grupos!$H$2:$H$73))+SUMPRODUCT((Grupos!$B$2:$B$73=$A25)*(Grupos!$D$2:$D$73=$B25)*(Grupos!$H$2:$H$73>Grupos!$G$2:$G$73)) | E25: =SUMPRODUCT((Grupos!$B$2:$B$73=$A25)*((Grupos!$C$2:$C$73=$B25)+(Grupos!$D$2:$D$73=$B25))*(Grupos!$G$2:$G$73=Grupos!$H$2:$H$73)*(Grupos!$G$2:$G$73<>"")) | F25: =C25-D25-E25 | G25: =SUMPRODUCT((Grupos!$B$2:$B$73=$A25)*(Grupos!$C$2:$C$73=$B25)*Grupos!$G$2:$G$73)+SUMPRODUCT((Grupos!$B$2:$B$73=$A25)*(Grupos!$D$2:$D$73=$B25)*Grupos!$H$2:$H$73) | H25: =SUMPRODUCT((Grupos!$B$2:$B$73=$A25)*(Grupos!$C$2:$C$73=$B25)*Grupos!$H$2:$H$73)+SUMPRODUCT((Grupos!$B$2:$B$73=$A25)*(Grupos!$D$2:$D$73=$B25)*Grupos!$G$2:$G$73) | I25: =G25-H25 | J25: =D25*3+E25 | K25: =J25*1000000+I25*1000+G25*10-3 | L25: =1+COUNTIF($K$22:$K$25,">"&K25) | M25: =SUMPRODUCT((Grupos!$B$2:$B$73=$A25)*((Grupos!$C$2:$C$73=$B25)+(Grupos!$D$2:$D$73=$B25))*(Grupos!$E$2:$E$73<>"")) | N25: =SUMPRODUCT((Grupos!$B$2:$B$73=$A25)*(Grupos!$C$2:$C$73=$B25)*(Grupos!$E$2:$E$73>Grupos!$F$2:$F$73))+SUMPRODUCT((Grupos!$B$2:$B$73=$A25)*(Grupos!$D$2:$D$73=$B25)*(Grupos!$F$2:$F$73>Grupos!$E$2:$E$73)) | O25: =SUMPRODUCT((Grupos!$B$2:$B$73=$A25)*((Grupos!$C$2:$C$73=$B25)+(Grupos!$D$2:$D$73=$B25))*(Grupos!$E$2:$E$73=Grupos!$F$2:$F$73)*(Grupos!$E$2:$E$73<>"")) | P25: =M25-N25-O25 | Q25: =SUMPRODUCT((Grupos!$B$2:$B$73=$A25)*(Grupos!$C$2:$C$73=$B25)*Grupos!$E$2:$E$73)+SUMPRODUCT((Grupos!$B$2:$B$73=$A25)*(Grupos!$D$2:$D$73=$B25)*Grupos!$F$2:$F$73) | R25: =SUMPRODUCT((Grupos!$B$2:$B$73=$A25)*(Grupos!$C$2:$C$73=$B25)*Grupos!$F$2:$F$73)+SUMPRODUCT((Grupos!$B$2:$B$73=$A25)*(Grupos!$D$2:$D$73=$B25)*Grupos!$E$2:$E$73) | S25: =Q25-R25 | T25: =N25*3+O25 | U25: =T25*1000000+S25*1000+Q25*10-3 | V25: =1+COUNTIF($U$22:$U$25,">"&U25) | W25: 4 | X25: =INDEX($B$22:$B$25,MATCH(W25,$L$22:$L$25,0)) | Y25: =INDEX($B$22:$B$25,MATCH(W25,$V$22:$V$25,0)) | Z25: =IF(AND(X25<>"",X25=Y25),1,0) | AA25: =INDEX($J$22:$J$25,MATCH(W25,$L$22:$L$25,0)) | AB25: =INDEX($I$22:$I$25,MATCH(W25,$L$22:$L$25,0)) | AC25: =INDEX($G$22:$G$25,MATCH(W25,$L$22:$L$25,0)) | AD25: =INDEX($T$22:$T$25,MATCH(W25,$V$22:$V$25,0)) | AE25: =INDEX($S$22:$S$25,MATCH(W25,$V$22:$V$25,0)) | AF25: =INDEX($Q$22:$Q$25,MATCH(W25,$V$22:$V$25,0))
A26: G | B26: Bélgica | C26: =SUMPRODUCT((Grupos!$B$2:$B$73=$A26)*((Grupos!$C$2:$C$73=$B26)+(Grupos!$D$2:$D$73=$B26))*(Grupos!$G$2:$G$73<>"")) | D26: =SUMPRODUCT((Grupos!$B$2:$B$73=$A26)*(Grupos!$C$2:$C$73=$B26)*(Grupos!$G$2:$G$73>Grupos!$H$2:$H$73))+SUMPRODUCT((Grupos!$B$2:$B$73=$A26)*(Grupos!$D$2:$D$73=$B26)*(Grupos!$H$2:$H$73>Grupos!$G$2:$G$73)) | E26: =SUMPRODUCT((Grupos!$B$2:$B$73=$A26)*((Grupos!$C$2:$C$73=$B26)+(Grupos!$D$2:$D$73=$B26))*(Grupos!$G$2:$G$73=Grupos!$H$2:$H$73)*(Grupos!$G$2:$G$73<>"")) | F26: =C26-D26-E26 | G26: =SUMPRODUCT((Grupos!$B$2:$B$73=$A26)*(Grupos!$C$2:$C$73=$B26)*Grupos!$G$2:$G$73)+SUMPRODUCT((Grupos!$B$2:$B$73=$A26)*(Grupos!$D$2:$D$73=$B26)*Grupos!$H$2:$H$73) | H26: =SUMPRODUCT((Grupos!$B$2:$B$73=$A26)*(Grupos!$C$2:$C$73=$B26)*Grupos!$H$2:$H$73)+SUMPRODUCT((Grupos!$B$2:$B$73=$A26)*(Grupos!$D$2:$D$73=$B26)*Grupos!$G$2:$G$73) | I26: =G26-H26 | J26: =D26*3+E26 | K26: =J26*1000000+I26*1000+G26*10-0 | L26: =1+COUNTIF($K$26:$K$29,">"&K26) | M26: =SUMPRODUCT((Grupos!$B$2:$B$73=$A26)*((Grupos!$C$2:$C$73=$B26)+(Grupos!$D$2:$D$73=$B26))*(Grupos!$E$2:$E$73<>"")) | N26: =SUMPRODUCT((Grupos!$B$2:$B$73=$A26)*(Grupos!$C$2:$C$73=$B26)*(Grupos!$E$2:$E$73>Grupos!$F$2:$F$73))+SUMPRODUCT((Grupos!$B$2:$B$73=$A26)*(Grupos!$D$2:$D$73=$B26)*(Grupos!$F$2:$F$73>Grupos!$E$2:$E$73)) | O26: =SUMPRODUCT((Grupos!$B$2:$B$73=$A26)*((Grupos!$C$2:$C$73=$B26)+(Grupos!$D$2:$D$73=$B26))*(Grupos!$E$2:$E$73=Grupos!$F$2:$F$73)*(Grupos!$E$2:$E$73<>"")) | P26: =M26-N26-O26 | Q26: =SUMPRODUCT((Grupos!$B$2:$B$73=$A26)*(Grupos!$C$2:$C$73=$B26)*Grupos!$E$2:$E$73)+SUMPRODUCT((Grupos!$B$2:$B$73=$A26)*(Grupos!$D$2:$D$73=$B26)*Grupos!$F$2:$F$73) | R26: =SUMPRODUCT((Grupos!$B$2:$B$73=$A26)*(Grupos!$C$2:$C$73=$B26)*Grupos!$F$2:$F$73)+SUMPRODUCT((Grupos!$B$2:$B$73=$A26)*(Grupos!$D$2:$D$73=$B26)*Grupos!$E$2:$E$73) | S26: =Q26-R26 | T26: =N26*3+O26 | U26: =T26*1000000+S26*1000+Q26*10-0 | V26: =1+COUNTIF($U$26:$U$29,">"&U26) | W26: 1 | X26: =INDEX($B$26:$B$29,MATCH(W26,$L$26:$L$29,0)) | Y26: =INDEX($B$26:$B$29,MATCH(W26,$V$26:$V$29,0)) | Z26: =IF(AND(X26<>"",X26=Y26),1,0) | AA26: =INDEX($J$26:$J$29,MATCH(W26,$L$26:$L$29,0)) | AB26: =INDEX($I$26:$I$29,MATCH(W26,$L$26:$L$29,0)) | AC26: =INDEX($G$26:$G$29,MATCH(W26,$L$26:$L$29,0)) | AD26: =INDEX($T$26:$T$29,MATCH(W26,$V$26:$V$29,0)) | AE26: =INDEX($S$26:$S$29,MATCH(W26,$V$26:$V$29,0)) | AF26: =INDEX($Q$26:$Q$29,MATCH(W26,$V$26:$V$29,0))
A27: G | B27: Egipto | C27: =SUMPRODUCT((Grupos!$B$2:$B$73=$A27)*((Grupos!$C$2:$C$73=$B27)+(Grupos!$D$2:$D$73=$B27))*(Grupos!$G$2:$G$73<>"")) | D27: =SUMPRODUCT((Grupos!$B$2:$B$73=$A27)*(Grupos!$C$2:$C$73=$B27)*(Grupos!$G$2:$G$73>Grupos!$H$2:$H$73))+SUMPRODUCT((Grupos!$B$2:$B$73=$A27)*(Grupos!$D$2:$D$73=$B27)*(Grupos!$H$2:$H$73>Grupos!$G$2:$G$73)) | E27: =SUMPRODUCT((Grupos!$B$2:$B$73=$A27)*((Grupos!$C$2:$C$73=$B27)+(Grupos!$D$2:$D$73=$B27))*(Grupos!$G$2:$G$73=Grupos!$H$2:$H$73)*(Grupos!$G$2:$G$73<>"")) | F27: =C27-D27-E27 | G27: =SUMPRODUCT((Grupos!$B$2:$B$73=$A27)*(Grupos!$C$2:$C$73=$B27)*Grupos!$G$2:$G$73)+SUMPRODUCT((Grupos!$B$2:$B$73=$A27)*(Grupos!$D$2:$D$73=$B27)*Grupos!$H$2:$H$73) | H27: =SUMPRODUCT((Grupos!$B$2:$B$73=$A27)*(Grupos!$C$2:$C$73=$B27)*Grupos!$H$2:$H$73)+SUMPRODUCT((Grupos!$B$2:$B$73=$A27)*(Grupos!$D$2:$D$73=$B27)*Grupos!$G$2:$G$73) | I27: =G27-H27 | J27: =D27*3+E27 | K27: =J27*1000000+I27*1000+G27*10-1 | L27: =1+COUNTIF($K$26:$K$29,">"&K27) | M27: =SUMPRODUCT((Grupos!$B$2:$B$73=$A27)*((Grupos!$C$2:$C$73=$B27)+(Grupos!$D$2:$D$73=$B27))*(Grupos!$E$2:$E$73<>"")) | N27: =SUMPRODUCT((Grupos!$B$2:$B$73=$A27)*(Grupos!$C$2:$C$73=$B27)*(Grupos!$E$2:$E$73>Grupos!$F$2:$F$73))+SUMPRODUCT((Grupos!$B$2:$B$73=$A27)*(Grupos!$D$2:$D$73=$B27)*(Grupos!$F$2:$F$73>Grupos!$E$2:$E$73)) | O27: =SUMPRODUCT((Grupos!$B$2:$B$73=$A27)*((Grupos!$C$2:$C$73=$B27)+(Grupos!$D$2:$D$73=$B27))*(Grupos!$E$2:$E$73=Grupos!$F$2:$F$73)*(Grupos!$E$2:$E$73<>"")) | P27: =M27-N27-O27 | Q27: =SUMPRODUCT((Grupos!$B$2:$B$73=$A27)*(Grupos!$C$2:$C$73=$B27)*Grupos!$E$2:$E$73)+SUMPRODUCT((Grupos!$B$2:$B$73=$A27)*(Grupos!$D$2:$D$73=$B27)*Grupos!$F$2:$F$73) | R27: =SUMPRODUCT((Grupos!$B$2:$B$73=$A27)*(Grupos!$C$2:$C$73=$B27)*Grupos!$F$2:$F$73)+SUMPRODUCT((Grupos!$B$2:$B$73=$A27)*(Grupos!$D$2:$D$73=$B27)*Grupos!$E$2:$E$73) | S27: =Q27-R27 | T27: =N27*3+O27 | U27: =T27*1000000+S27*1000+Q27*10-1 | V27: =1+COUNTIF($U$26:$U$29,">"&U27) | W27: 2 | X27: =INDEX($B$26:$B$29,MATCH(W27,$L$26:$L$29,0)) | Y27: =INDEX($B$26:$B$29,MATCH(W27,$V$26:$V$29,0)) | Z27: =IF(AND(X27<>"",X27=Y27),1,0) | AA27: =INDEX($J$26:$J$29,MATCH(W27,$L$26:$L$29,0)) | AB27: =INDEX($I$26:$I$29,MATCH(W27,$L$26:$L$29,0)) | AC27: =INDEX($G$26:$G$29,MATCH(W27,$L$26:$L$29,0)) | AD27: =INDEX($T$26:$T$29,MATCH(W27,$V$26:$V$29,0)) | AE27: =INDEX($S$26:$S$29,MATCH(W27,$V$26:$V$29,0)) | AF27: =INDEX($Q$26:$Q$29,MATCH(W27,$V$26:$V$29,0))
A28: G | B28: Irán | C28: =SUMPRODUCT((Grupos!$B$2:$B$73=$A28)*((Grupos!$C$2:$C$73=$B28)+(Grupos!$D$2:$D$73=$B28))*(Grupos!$G$2:$G$73<>"")) | D28: =SUMPRODUCT((Grupos!$B$2:$B$73=$A28)*(Grupos!$C$2:$C$73=$B28)*(Grupos!$G$2:$G$73>Grupos!$H$2:$H$73))+SUMPRODUCT((Grupos!$B$2:$B$73=$A28)*(Grupos!$D$2:$D$73=$B28)*(Grupos!$H$2:$H$73>Grupos!$G$2:$G$73)) | E28: =SUMPRODUCT((Grupos!$B$2:$B$73=$A28)*((Grupos!$C$2:$C$73=$B28)+(Grupos!$D$2:$D$73=$B28))*(Grupos!$G$2:$G$73=Grupos!$H$2:$H$73)*(Grupos!$G$2:$G$73<>"")) | F28: =C28-D28-E28 | G28: =SUMPRODUCT((Grupos!$B$2:$B$73=$A28)*(Grupos!$C$2:$C$73=$B28)*Grupos!$G$2:$G$73)+SUMPRODUCT((Grupos!$B$2:$B$73=$A28)*(Grupos!$D$2:$D$73=$B28)*Grupos!$H$2:$H$73) | H28: =SUMPRODUCT((Grupos!$B$2:$B$73=$A28)*(Grupos!$C$2:$C$73=$B28)*Grupos!$H$2:$H$73)+SUMPRODUCT((Grupos!$B$2:$B$73=$A28)*(Grupos!$D$2:$D$73=$B28)*Grupos!$G$2:$G$73) | I28: =G28-H28 | J28: =D28*3+E28 | K28: =J28*1000000+I28*1000+G28*10-2 | L28: =1+COUNTIF($K$26:$K$29,">"&K28) | M28: =SUMPRODUCT((Grupos!$B$2:$B$73=$A28)*((Grupos!$C$2:$C$73=$B28)+(Grupos!$D$2:$D$73=$B28))*(Grupos!$E$2:$E$73<>"")) | N28: =SUMPRODUCT((Grupos!$B$2:$B$73=$A28)*(Grupos!$C$2:$C$73=$B28)*(Grupos!$E$2:$E$73>Grupos!$F$2:$F$73))+SUMPRODUCT((Grupos!$B$2:$B$73=$A28)*(Grupos!$D$2:$D$73=$B28)*(Grupos!$F$2:$F$73>Grupos!$E$2:$E$73)) | O28: =SUMPRODUCT((Grupos!$B$2:$B$73=$A28)*((Grupos!$C$2:$C$73=$B28)+(Grupos!$D$2:$D$73=$B28))*(Grupos!$E$2:$E$73=Grupos!$F$2:$F$73)*(Grupos!$E$2:$E$73<>"")) | P28: =M28-N28-O28 | Q28: =SUMPRODUCT((Grupos!$B$2:$B$73=$A28)*(Grupos!$C$2:$C$73=$B28)*Grupos!$E$2:$E$73)+SUMPRODUCT((Grupos!$B$2:$B$73=$A28)*(Grupos!$D$2:$D$73=$B28)*Grupos!$F$2:$F$73) | R28: =SUMPRODUCT((Grupos!$B$2:$B$73=$A28)*(Grupos!$C$2:$C$73=$B28)*Grupos!$F$2:$F$73)+SUMPRODUCT((Grupos!$B$2:$B$73=$A28)*(Grupos!$D$2:$D$73=$B28)*Grupos!$E$2:$E$73) | S28: =Q28-R28 | T28: =N28*3+O28 | U28: =T28*1000000+S28*1000+Q28*10-2 | V28: =1+COUNTIF($U$26:$U$29,">"&U28) | W28: 3 | X28: =INDEX($B$26:$B$29,MATCH(W28,$L$26:$L$29,0)) | Y28: =INDEX($B$26:$B$29,MATCH(W28,$V$26:$V$29,0)) | Z28: =IF(AND(X28<>"",X28=Y28),1,0) | AA28: =INDEX($J$26:$J$29,MATCH(W28,$L$26:$L$29,0)) | AB28: =INDEX($I$26:$I$29,MATCH(W28,$L$26:$L$29,0)) | AC28: =INDEX($G$26:$G$29,MATCH(W28,$L$26:$L$29,0)) | AD28: =INDEX($T$26:$T$29,MATCH(W28,$V$26:$V$29,0)) | AE28: =INDEX($S$26:$S$29,MATCH(W28,$V$26:$V$29,0)) | AF28: =INDEX($Q$26:$Q$29,MATCH(W28,$V$26:$V$29,0))
A29: G | B29: Nueva Zelanda | C29: =SUMPRODUCT((Grupos!$B$2:$B$73=$A29)*((Grupos!$C$2:$C$73=$B29)+(Grupos!$D$2:$D$73=$B29))*(Grupos!$G$2:$G$73<>"")) | D29: =SUMPRODUCT((Grupos!$B$2:$B$73=$A29)*(Grupos!$C$2:$C$73=$B29)*(Grupos!$G$2:$G$73>Grupos!$H$2:$H$73))+SUMPRODUCT((Grupos!$B$2:$B$73=$A29)*(Grupos!$D$2:$D$73=$B29)*(Grupos!$H$2:$H$73>Grupos!$G$2:$G$73)) | E29: =SUMPRODUCT((Grupos!$B$2:$B$73=$A29)*((Grupos!$C$2:$C$73=$B29)+(Grupos!$D$2:$D$73=$B29))*(Grupos!$G$2:$G$73=Grupos!$H$2:$H$73)*(Grupos!$G$2:$G$73<>"")) | F29: =C29-D29-E29 | G29: =SUMPRODUCT((Grupos!$B$2:$B$73=$A29)*(Grupos!$C$2:$C$73=$B29)*Grupos!$G$2:$G$73)+SUMPRODUCT((Grupos!$B$2:$B$73=$A29)*(Grupos!$D$2:$D$73=$B29)*Grupos!$H$2:$H$73) | H29: =SUMPRODUCT((Grupos!$B$2:$B$73=$A29)*(Grupos!$C$2:$C$73=$B29)*Grupos!$H$2:$H$73)+SUMPRODUCT((Grupos!$B$2:$B$73=$A29)*(Grupos!$D$2:$D$73=$B29)*Grupos!$G$2:$G$73) | I29: =G29-H29 | J29: =D29*3+E29 | K29: =J29*1000000+I29*1000+G29*10-3 | L29: =1+COUNTIF($K$26:$K$29,">"&K29) | M29: =SUMPRODUCT((Grupos!$B$2:$B$73=$A29)*((Grupos!$C$2:$C$73=$B29)+(Grupos!$D$2:$D$73=$B29))*(Grupos!$E$2:$E$73<>"")) | N29: =SUMPRODUCT((Grupos!$B$2:$B$73=$A29)*(Grupos!$C$2:$C$73=$B29)*(Grupos!$E$2:$E$73>Grupos!$F$2:$F$73))+SUMPRODUCT((Grupos!$B$2:$B$73=$A29)*(Grupos!$D$2:$D$73=$B29)*(Grupos!$F$2:$F$73>Grupos!$E$2:$E$73)) | O29: =SUMPRODUCT((Grupos!$B$2:$B$73=$A29)*((Grupos!$C$2:$C$73=$B29)+(Grupos!$D$2:$D$73=$B29))*(Grupos!$E$2:$E$73=Grupos!$F$2:$F$73)*(Grupos!$E$2:$E$73<>"")) | P29: =M29-N29-O29 | Q29: =SUMPRODUCT((Grupos!$B$2:$B$73=$A29)*(Grupos!$C$2:$C$73=$B29)*Grupos!$E$2:$E$73)+SUMPRODUCT((Grupos!$B$2:$B$73=$A29)*(Grupos!$D$2:$D$73=$B29)*Grupos!$F$2:$F$73) | R29: =SUMPRODUCT((Grupos!$B$2:$B$73=$A29)*(Grupos!$C$2:$C$73=$B29)*Grupos!$F$2:$F$73)+SUMPRODUCT((Grupos!$B$2:$B$73=$A29)*(Grupos!$D$2:$D$73=$B29)*Grupos!$E$2:$E$73) | S29: =Q29-R29 | T29: =N29*3+O29 | U29: =T29*1000000+S29*1000+Q29*10-3 | V29: =1+COUNTIF($U$26:$U$29,">"&U29) | W29: 4 | X29: =INDEX($B$26:$B$29,MATCH(W29,$L$26:$L$29,0)) | Y29: =INDEX($B$26:$B$29,MATCH(W29,$V$26:$V$29,0)) | Z29: =IF(AND(X29<>"",X29=Y29),1,0) | AA29: =INDEX($J$26:$J$29,MATCH(W29,$L$26:$L$29,0)) | AB29: =INDEX($I$26:$I$29,MATCH(W29,$L$26:$L$29,0)) | AC29: =INDEX($G$26:$G$29,MATCH(W29,$L$26:$L$29,0)) | AD29: =INDEX($T$26:$T$29,MATCH(W29,$V$26:$V$29,0)) | AE29: =INDEX($S$26:$S$29,MATCH(W29,$V$26:$V$29,0)) | AF29: =INDEX($Q$26:$Q$29,MATCH(W29,$V$26:$V$29,0))
A30: H | B30: España | C30: =SUMPRODUCT((Grupos!$B$2:$B$73=$A30)*((Grupos!$C$2:$C$73=$B30)+(Grupos!$D$2:$D$73=$B30))*(Grupos!$G$2:$G$73<>"")) | D30: =SUMPRODUCT((Grupos!$B$2:$B$73=$A30)*(Grupos!$C$2:$C$73=$B30)*(Grupos!$G$2:$G$73>Grupos!$H$2:$H$73))+SUMPRODUCT((Grupos!$B$2:$B$73=$A30)*(Grupos!$D$2:$D$73=$B30)*(Grupos!$H$2:$H$73>Grupos!$G$2:$G$73)) | E30: =SUMPRODUCT((Grupos!$B$2:$B$73=$A30)*((Grupos!$C$2:$C$73=$B30)+(Grupos!$D$2:$D$73=$B30))*(Grupos!$G$2:$G$73=Grupos!$H$2:$H$73)*(Grupos!$G$2:$G$73<>"")) | F30: =C30-D30-E30 | G30: =SUMPRODUCT((Grupos!$B$2:$B$73=$A30)*(Grupos!$C$2:$C$73=$B30)*Grupos!$G$2:$G$73)+SUMPRODUCT((Grupos!$B$2:$B$73=$A30)*(Grupos!$D$2:$D$73=$B30)*Grupos!$H$2:$H$73) | H30: =SUMPRODUCT((Grupos!$B$2:$B$73=$A30)*(Grupos!$C$2:$C$73=$B30)*Grupos!$H$2:$H$73)+SUMPRODUCT((Grupos!$B$2:$B$73=$A30)*(Grupos!$D$2:$D$73=$B30)*Grupos!$G$2:$G$73) | I30: =G30-H30 | J30: =D30*3+E30 | K30: =J30*1000000+I30*1000+G30*10-0 | L30: =1+COUNTIF($K$30:$K$33,">"&K30) | M30: =SUMPRODUCT((Grupos!$B$2:$B$73=$A30)*((Grupos!$C$2:$C$73=$B30)+(Grupos!$D$2:$D$73=$B30))*(Grupos!$E$2:$E$73<>"")) | N30: =SUMPRODUCT((Grupos!$B$2:$B$73=$A30)*(Grupos!$C$2:$C$73=$B30)*(Grupos!$E$2:$E$73>Grupos!$F$2:$F$73))+SUMPRODUCT((Grupos!$B$2:$B$73=$A30)*(Grupos!$D$2:$D$73=$B30)*(Grupos!$F$2:$F$73>Grupos!$E$2:$E$73)) | O30: =SUMPRODUCT((Grupos!$B$2:$B$73=$A30)*((Grupos!$C$2:$C$73=$B30)+(Grupos!$D$2:$D$73=$B30))*(Grupos!$E$2:$E$73=Grupos!$F$2:$F$73)*(Grupos!$E$2:$E$73<>"")) | P30: =M30-N30-O30 | Q30: =SUMPRODUCT((Grupos!$B$2:$B$73=$A30)*(Grupos!$C$2:$C$73=$B30)*Grupos!$E$2:$E$73)+SUMPRODUCT((Grupos!$B$2:$B$73=$A30)*(Grupos!$D$2:$D$73=$B30)*Grupos!$F$2:$F$73) | R30: =SUMPRODUCT((Grupos!$B$2:$B$73=$A30)*(Grupos!$C$2:$C$73=$B30)*Grupos!$F$2:$F$73)+SUMPRODUCT((Grupos!$B$2:$B$73=$A30)*(Grupos!$D$2:$D$73=$B30)*Grupos!$E$2:$E$73) | S30: =Q30-R30 | T30: =N30*3+O30 | U30: =T30*1000000+S30*1000+Q30*10-0 | V30: =1+COUNTIF($U$30:$U$33,">"&U30) | W30: 1 | X30: =INDEX($B$30:$B$33,MATCH(W30,$L$30:$L$33,0)) | Y30: =INDEX($B$30:$B$33,MATCH(W30,$V$30:$V$33,0)) | Z30: =IF(AND(X30<>"",X30=Y30),1,0) | AA30: =INDEX($J$30:$J$33,MATCH(W30,$L$30:$L$33,0)) | AB30: =INDEX($I$30:$I$33,MATCH(W30,$L$30:$L$33,0)) | AC30: =INDEX($G$30:$G$33,MATCH(W30,$L$30:$L$33,0)) | AD30: =INDEX($T$30:$T$33,MATCH(W30,$V$30:$V$33,0)) | AE30: =INDEX($S$30:$S$33,MATCH(W30,$V$30:$V$33,0)) | AF30: =INDEX($Q$30:$Q$33,MATCH(W30,$V$30:$V$33,0))
A31: H | B31: Cabo Verde | C31: =SUMPRODUCT((Grupos!$B$2:$B$73=$A31)*((Grupos!$C$2:$C$73=$B31)+(Grupos!$D$2:$D$73=$B31))*(Grupos!$G$2:$G$73<>"")) | D31: =SUMPRODUCT((Grupos!$B$2:$B$73=$A31)*(Grupos!$C$2:$C$73=$B31)*(Grupos!$G$2:$G$73>Grupos!$H$2:$H$73))+SUMPRODUCT((Grupos!$B$2:$B$73=$A31)*(Grupos!$D$2:$D$73=$B31)*(Grupos!$H$2:$H$73>Grupos!$G$2:$G$73)) | E31: =SUMPRODUCT((Grupos!$B$2:$B$73=$A31)*((Grupos!$C$2:$C$73=$B31)+(Grupos!$D$2:$D$73=$B31))*(Grupos!$G$2:$G$73=Grupos!$H$2:$H$73)*(Grupos!$G$2:$G$73<>"")) | F31: =C31-D31-E31 | G31: =SUMPRODUCT((Grupos!$B$2:$B$73=$A31)*(Grupos!$C$2:$C$73=$B31)*Grupos!$G$2:$G$73)+SUMPRODUCT((Grupos!$B$2:$B$73=$A31)*(Grupos!$D$2:$D$73=$B31)*Grupos!$H$2:$H$73) | H31: =SUMPRODUCT((Grupos!$B$2:$B$73=$A31)*(Grupos!$C$2:$C$73=$B31)*Grupos!$H$2:$H$73)+SUMPRODUCT((Grupos!$B$2:$B$73=$A31)*(Grupos!$D$2:$D$73=$B31)*Grupos!$G$2:$G$73) | I31: =G31-H31 | J31: =D31*3+E31 | K31: =J31*1000000+I31*1000+G31*10-1 | L31: =1+COUNTIF($K$30:$K$33,">"&K31) | M31: =SUMPRODUCT((Grupos!$B$2:$B$73=$A31)*((Grupos!$C$2:$C$73=$B31)+(Grupos!$D$2:$D$73=$B31))*(Grupos!$E$2:$E$73<>"")) | N31: =SUMPRODUCT((Grupos!$B$2:$B$73=$A31)*(Grupos!$C$2:$C$73=$B31)*(Grupos!$E$2:$E$73>Grupos!$F$2:$F$73))+SUMPRODUCT((Grupos!$B$2:$B$73=$A31)*(Grupos!$D$2:$D$73=$B31)*(Grupos!$F$2:$F$73>Grupos!$E$2:$E$73)) | O31: =SUMPRODUCT((Grupos!$B$2:$B$73=$A31)*((Grupos!$C$2:$C$73=$B31)+(Grupos!$D$2:$D$73=$B31))*(Grupos!$E$2:$E$73=Grupos!$F$2:$F$73)*(Grupos!$E$2:$E$73<>"")) | P31: =M31-N31-O31 | Q31: =SUMPRODUCT((Grupos!$B$2:$B$73=$A31)*(Grupos!$C$2:$C$73=$B31)*Grupos!$E$2:$E$73)+SUMPRODUCT((Grupos!$B$2:$B$73=$A31)*(Grupos!$D$2:$D$73=$B31)*Grupos!$F$2:$F$73) | R31: =SUMPRODUCT((Grupos!$B$2:$B$73=$A31)*(Grupos!$C$2:$C$73=$B31)*Grupos!$F$2:$F$73)+SUMPRODUCT((Grupos!$B$2:$B$73=$A31)*(Grupos!$D$2:$D$73=$B31)*Grupos!$E$2:$E$73) | S31: =Q31-R31 | T31: =N31*3+O31 | U31: =T31*1000000+S31*1000+Q31*10-1 | V31: =1+COUNTIF($U$30:$U$33,">"&U31) | W31: 2 | X31: =INDEX($B$30:$B$33,MATCH(W31,$L$30:$L$33,0)) | Y31: =INDEX($B$30:$B$33,MATCH(W31,$V$30:$V$33,0)) | Z31: =IF(AND(X31<>"",X31=Y31),1,0) | AA31: =INDEX($J$30:$J$33,MATCH(W31,$L$30:$L$33,0)) | AB31: =INDEX($I$30:$I$33,MATCH(W31,$L$30:$L$33,0)) | AC31: =INDEX($G$30:$G$33,MATCH(W31,$L$30:$L$33,0)) | AD31: =INDEX($T$30:$T$33,MATCH(W31,$V$30:$V$33,0)) | AE31: =INDEX($S$30:$S$33,MATCH(W31,$V$30:$V$33,0)) | AF31: =INDEX($Q$30:$Q$33,MATCH(W31,$V$30:$V$33,0))
A32: H | B32: Arabia Saudita | C32: =SUMPRODUCT((Grupos!$B$2:$B$73=$A32)*((Grupos!$C$2:$C$73=$B32)+(Grupos!$D$2:$D$73=$B32))*(Grupos!$G$2:$G$73<>"")) | D32: =SUMPRODUCT((Grupos!$B$2:$B$73=$A32)*(Grupos!$C$2:$C$73=$B32)*(Grupos!$G$2:$G$73>Grupos!$H$2:$H$73))+SUMPRODUCT((Grupos!$B$2:$B$73=$A32)*(Grupos!$D$2:$D$73=$B32)*(Grupos!$H$2:$H$73>Grupos!$G$2:$G$73)) | E32: =SUMPRODUCT((Grupos!$B$2:$B$73=$A32)*((Grupos!$C$2:$C$73=$B32)+(Grupos!$D$2:$D$73=$B32))*(Grupos!$G$2:$G$73=Grupos!$H$2:$H$73)*(Grupos!$G$2:$G$73<>"")) | F32: =C32-D32-E32 | G32: =SUMPRODUCT((Grupos!$B$2:$B$73=$A32)*(Grupos!$C$2:$C$73=$B32)*Grupos!$G$2:$G$73)+SUMPRODUCT((Grupos!$B$2:$B$73=$A32)*(Grupos!$D$2:$D$73=$B32)*Grupos!$H$2:$H$73) | H32: =SUMPRODUCT((Grupos!$B$2:$B$73=$A32)*(Grupos!$C$2:$C$73=$B32)*Grupos!$H$2:$H$73)+SUMPRODUCT((Grupos!$B$2:$B$73=$A32)*(Grupos!$D$2:$D$73=$B32)*Grupos!$G$2:$G$73) | I32: =G32-H32 | J32: =D32*3+E32 | K32: =J32*1000000+I32*1000+G32*10-2 | L32: =1+COUNTIF($K$30:$K$33,">"&K32) | M32: =SUMPRODUCT((Grupos!$B$2:$B$73=$A32)*((Grupos!$C$2:$C$73=$B32)+(Grupos!$D$2:$D$73=$B32))*(Grupos!$E$2:$E$73<>"")) | N32: =SUMPRODUCT((Grupos!$B$2:$B$73=$A32)*(Grupos!$C$2:$C$73=$B32)*(Grupos!$E$2:$E$73>Grupos!$F$2:$F$73))+SUMPRODUCT((Grupos!$B$2:$B$73=$A32)*(Grupos!$D$2:$D$73=$B32)*(Grupos!$F$2:$F$73>Grupos!$E$2:$E$73)) | O32: =SUMPRODUCT((Grupos!$B$2:$B$73=$A32)*((Grupos!$C$2:$C$73=$B32)+(Grupos!$D$2:$D$73=$B32))*(Grupos!$E$2:$E$73=Grupos!$F$2:$F$73)*(Grupos!$E$2:$E$73<>"")) | P32: =M32-N32-O32 | Q32: =SUMPRODUCT((Grupos!$B$2:$B$73=$A32)*(Grupos!$C$2:$C$73=$B32)*Grupos!$E$2:$E$73)+SUMPRODUCT((Grupos!$B$2:$B$73=$A32)*(Grupos!$D$2:$D$73=$B32)*Grupos!$F$2:$F$73) | R32: =SUMPRODUCT((Grupos!$B$2:$B$73=$A32)*(Grupos!$C$2:$C$73=$B32)*Grupos!$F$2:$F$73)+SUMPRODUCT((Grupos!$B$2:$B$73=$A32)*(Grupos!$D$2:$D$73=$B32)*Grupos!$E$2:$E$73) | S32: =Q32-R32 | T32: =N32*3+O32 | U32: =T32*1000000+S32*1000+Q32*10-2 | V32: =1+COUNTIF($U$30:$U$33,">"&U32) | W32: 3 | X32: =INDEX($B$30:$B$33,MATCH(W32,$L$30:$L$33,0)) | Y32: =INDEX($B$30:$B$33,MATCH(W32,$V$30:$V$33,0)) | Z32: =IF(AND(X32<>"",X32=Y32),1,0) | AA32: =INDEX($J$30:$J$33,MATCH(W32,$L$30:$L$33,0)) | AB32: =INDEX($I$30:$I$33,MATCH(W32,$L$30:$L$33,0)) | AC32: =INDEX($G$30:$G$33,MATCH(W32,$L$30:$L$33,0)) | AD32: =INDEX($T$30:$T$33,MATCH(W32,$V$30:$V$33,0)) | AE32: =INDEX($S$30:$S$33,MATCH(W32,$V$30:$V$33,0)) | AF32: =INDEX($Q$30:$Q$33,MATCH(W32,$V$30:$V$33,0))
A33: H | B33: Uruguay | C33: =SUMPRODUCT((Grupos!$B$2:$B$73=$A33)*((Grupos!$C$2:$C$73=$B33)+(Grupos!$D$2:$D$73=$B33))*(Grupos!$G$2:$G$73<>"")) | D33: =SUMPRODUCT((Grupos!$B$2:$B$73=$A33)*(Grupos!$C$2:$C$73=$B33)*(Grupos!$G$2:$G$73>Grupos!$H$2:$H$73))+SUMPRODUCT((Grupos!$B$2:$B$73=$A33)*(Grupos!$D$2:$D$73=$B33)*(Grupos!$H$2:$H$73>Grupos!$G$2:$G$73)) | E33: =SUMPRODUCT((Grupos!$B$2:$B$73=$A33)*((Grupos!$C$2:$C$73=$B33)+(Grupos!$D$2:$D$73=$B33))*(Grupos!$G$2:$G$73=Grupos!$H$2:$H$73)*(Grupos!$G$2:$G$73<>"")) | F33: =C33-D33-E33 | G33: =SUMPRODUCT((Grupos!$B$2:$B$73=$A33)*(Grupos!$C$2:$C$73=$B33)*Grupos!$G$2:$G$73)+SUMPRODUCT((Grupos!$B$2:$B$73=$A33)*(Grupos!$D$2:$D$73=$B33)*Grupos!$H$2:$H$73) | H33: =SUMPRODUCT((Grupos!$B$2:$B$73=$A33)*(Grupos!$C$2:$C$73=$B33)*Grupos!$H$2:$H$73)+SUMPRODUCT((Grupos!$B$2:$B$73=$A33)*(Grupos!$D$2:$D$73=$B33)*Grupos!$G$2:$G$73) | I33: =G33-H33 | J33: =D33*3+E33 | K33: =J33*1000000+I33*1000+G33*10-3 | L33: =1+COUNTIF($K$30:$K$33,">"&K33) | M33: =SUMPRODUCT((Grupos!$B$2:$B$73=$A33)*((Grupos!$C$2:$C$73=$B33)+(Grupos!$D$2:$D$73=$B33))*(Grupos!$E$2:$E$73<>"")) | N33: =SUMPRODUCT((Grupos!$B$2:$B$73=$A33)*(Grupos!$C$2:$C$73=$B33)*(Grupos!$E$2:$E$73>Grupos!$F$2:$F$73))+SUMPRODUCT((Grupos!$B$2:$B$73=$A33)*(Grupos!$D$2:$D$73=$B33)*(Grupos!$F$2:$F$73>Grupos!$E$2:$E$73)) | O33: =SUMPRODUCT((Grupos!$B$2:$B$73=$A33)*((Grupos!$C$2:$C$73=$B33)+(Grupos!$D$2:$D$73=$B33))*(Grupos!$E$2:$E$73=Grupos!$F$2:$F$73)*(Grupos!$E$2:$E$73<>"")) | P33: =M33-N33-O33 | Q33: =SUMPRODUCT((Grupos!$B$2:$B$73=$A33)*(Grupos!$C$2:$C$73=$B33)*Grupos!$E$2:$E$73)+SUMPRODUCT((Grupos!$B$2:$B$73=$A33)*(Grupos!$D$2:$D$73=$B33)*Grupos!$F$2:$F$73) | R33: =SUMPRODUCT((Grupos!$B$2:$B$73=$A33)*(Grupos!$C$2:$C$73=$B33)*Grupos!$F$2:$F$73)+SUMPRODUCT((Grupos!$B$2:$B$73=$A33)*(Grupos!$D$2:$D$73=$B33)*Grupos!$E$2:$E$73) | S33: =Q33-R33 | T33: =N33*3+O33 | U33: =T33*1000000+S33*1000+Q33*10-3 | V33: =1+COUNTIF($U$30:$U$33,">"&U33) | W33: 4 | X33: =INDEX($B$30:$B$33,MATCH(W33,$L$30:$L$33,0)) | Y33: =INDEX($B$30:$B$33,MATCH(W33,$V$30:$V$33,0)) | Z33: =IF(AND(X33<>"",X33=Y33),1,0) | AA33: =INDEX($J$30:$J$33,MATCH(W33,$L$30:$L$33,0)) | AB33: =INDEX($I$30:$I$33,MATCH(W33,$L$30:$L$33,0)) | AC33: =INDEX($G$30:$G$33,MATCH(W33,$L$30:$L$33,0)) | AD33: =INDEX($T$30:$T$33,MATCH(W33,$V$30:$V$33,0)) | AE33: =INDEX($S$30:$S$33,MATCH(W33,$V$30:$V$33,0)) | AF33: =INDEX($Q$30:$Q$33,MATCH(W33,$V$30:$V$33,0))
A34: I | B34: Francia | C34: =SUMPRODUCT((Grupos!$B$2:$B$73=$A34)*((Grupos!$C$2:$C$73=$B34)+(Grupos!$D$2:$D$73=$B34))*(Grupos!$G$2:$G$73<>"")) | D34: =SUMPRODUCT((Grupos!$B$2:$B$73=$A34)*(Grupos!$C$2:$C$73=$B34)*(Grupos!$G$2:$G$73>Grupos!$H$2:$H$73))+SUMPRODUCT((Grupos!$B$2:$B$73=$A34)*(Grupos!$D$2:$D$73=$B34)*(Grupos!$H$2:$H$73>Grupos!$G$2:$G$73)) | E34: =SUMPRODUCT((Grupos!$B$2:$B$73=$A34)*((Grupos!$C$2:$C$73=$B34)+(Grupos!$D$2:$D$73=$B34))*(Grupos!$G$2:$G$73=Grupos!$H$2:$H$73)*(Grupos!$G$2:$G$73<>"")) | F34: =C34-D34-E34 | G34: =SUMPRODUCT((Grupos!$B$2:$B$73=$A34)*(Grupos!$C$2:$C$73=$B34)*Grupos!$G$2:$G$73)+SUMPRODUCT((Grupos!$B$2:$B$73=$A34)*(Grupos!$D$2:$D$73=$B34)*Grupos!$H$2:$H$73) | H34: =SUMPRODUCT((Grupos!$B$2:$B$73=$A34)*(Grupos!$C$2:$C$73=$B34)*Grupos!$H$2:$H$73)+SUMPRODUCT((Grupos!$B$2:$B$73=$A34)*(Grupos!$D$2:$D$73=$B34)*Grupos!$G$2:$G$73) | I34: =G34-H34 | J34: =D34*3+E34 | K34: =J34*1000000+I34*1000+G34*10-0 | L34: =1+COUNTIF($K$34:$K$37,">"&K34) | M34: =SUMPRODUCT((Grupos!$B$2:$B$73=$A34)*((Grupos!$C$2:$C$73=$B34)+(Grupos!$D$2:$D$73=$B34))*(Grupos!$E$2:$E$73<>"")) | N34: =SUMPRODUCT((Grupos!$B$2:$B$73=$A34)*(Grupos!$C$2:$C$73=$B34)*(Grupos!$E$2:$E$73>Grupos!$F$2:$F$73))+SUMPRODUCT((Grupos!$B$2:$B$73=$A34)*(Grupos!$D$2:$D$73=$B34)*(Grupos!$F$2:$F$73>Grupos!$E$2:$E$73)) | O34: =SUMPRODUCT((Grupos!$B$2:$B$73=$A34)*((Grupos!$C$2:$C$73=$B34)+(Grupos!$D$2:$D$73=$B34))*(Grupos!$E$2:$E$73=Grupos!$F$2:$F$73)*(Grupos!$E$2:$E$73<>"")) | P34: =M34-N34-O34 | Q34: =SUMPRODUCT((Grupos!$B$2:$B$73=$A34)*(Grupos!$C$2:$C$73=$B34)*Grupos!$E$2:$E$73)+SUMPRODUCT((Grupos!$B$2:$B$73=$A34)*(Grupos!$D$2:$D$73=$B34)*Grupos!$F$2:$F$73) | R34: =SUMPRODUCT((Grupos!$B$2:$B$73=$A34)*(Grupos!$C$2:$C$73=$B34)*Grupos!$F$2:$F$73)+SUMPRODUCT((Grupos!$B$2:$B$73=$A34)*(Grupos!$D$2:$D$73=$B34)*Grupos!$E$2:$E$73) | S34: =Q34-R34 | T34: =N34*3+O34 | U34: =T34*1000000+S34*1000+Q34*10-0 | V34: =1+COUNTIF($U$34:$U$37,">"&U34) | W34: 1 | X34: =INDEX($B$34:$B$37,MATCH(W34,$L$34:$L$37,0)) | Y34: =INDEX($B$34:$B$37,MATCH(W34,$V$34:$V$37,0)) | Z34: =IF(AND(X34<>"",X34=Y34),1,0) | AA34: =INDEX($J$34:$J$37,MATCH(W34,$L$34:$L$37,0)) | AB34: =INDEX($I$34:$I$37,MATCH(W34,$L$34:$L$37,0)) | AC34: =INDEX($G$34:$G$37,MATCH(W34,$L$34:$L$37,0)) | AD34: =INDEX($T$34:$T$37,MATCH(W34,$V$34:$V$37,0)) | AE34: =INDEX($S$34:$S$37,MATCH(W34,$V$34:$V$37,0)) | AF34: =INDEX($Q$34:$Q$37,MATCH(W34,$V$34:$V$37,0))
A35: I | B35: Senegal | C35: =SUMPRODUCT((Grupos!$B$2:$B$73=$A35)*((Grupos!$C$2:$C$73=$B35)+(Grupos!$D$2:$D$73=$B35))*(Grupos!$G$2:$G$73<>"")) | D35: =SUMPRODUCT((Grupos!$B$2:$B$73=$A35)*(Grupos!$C$2:$C$73=$B35)*(Grupos!$G$2:$G$73>Grupos!$H$2:$H$73))+SUMPRODUCT((Grupos!$B$2:$B$73=$A35)*(Grupos!$D$2:$D$73=$B35)*(Grupos!$H$2:$H$73>Grupos!$G$2:$G$73)) | E35: =SUMPRODUCT((Grupos!$B$2:$B$73=$A35)*((Grupos!$C$2:$C$73=$B35)+(Grupos!$D$2:$D$73=$B35))*(Grupos!$G$2:$G$73=Grupos!$H$2:$H$73)*(Grupos!$G$2:$G$73<>"")) | F35: =C35-D35-E35 | G35: =SUMPRODUCT((Grupos!$B$2:$B$73=$A35)*(Grupos!$C$2:$C$73=$B35)*Grupos!$G$2:$G$73)+SUMPRODUCT((Grupos!$B$2:$B$73=$A35)*(Grupos!$D$2:$D$73=$B35)*Grupos!$H$2:$H$73) | H35: =SUMPRODUCT((Grupos!$B$2:$B$73=$A35)*(Grupos!$C$2:$C$73=$B35)*Grupos!$H$2:$H$73)+SUMPRODUCT((Grupos!$B$2:$B$73=$A35)*(Grupos!$D$2:$D$73=$B35)*Grupos!$G$2:$G$73) | I35: =G35-H35 | J35: =D35*3+E35 | K35: =J35*1000000+I35*1000+G35*10-1 | L35: =1+COUNTIF($K$34:$K$37,">"&K35) | M35: =SUMPRODUCT((Grupos!$B$2:$B$73=$A35)*((Grupos!$C$2:$C$73=$B35)+(Grupos!$D$2:$D$73=$B35))*(Grupos!$E$2:$E$73<>"")) | N35: =SUMPRODUCT((Grupos!$B$2:$B$73=$A35)*(Grupos!$C$2:$C$73=$B35)*(Grupos!$E$2:$E$73>Grupos!$F$2:$F$73))+SUMPRODUCT((Grupos!$B$2:$B$73=$A35)*(Grupos!$D$2:$D$73=$B35)*(Grupos!$F$2:$F$73>Grupos!$E$2:$E$73)) | O35: =SUMPRODUCT((Grupos!$B$2:$B$73=$A35)*((Grupos!$C$2:$C$73=$B35)+(Grupos!$D$2:$D$73=$B35))*(Grupos!$E$2:$E$73=Grupos!$F$2:$F$73)*(Grupos!$E$2:$E$73<>"")) | P35: =M35-N35-O35 | Q35: =SUMPRODUCT((Grupos!$B$2:$B$73=$A35)*(Grupos!$C$2:$C$73=$B35)*Grupos!$E$2:$E$73)+SUMPRODUCT((Grupos!$B$2:$B$73=$A35)*(Grupos!$D$2:$D$73=$B35)*Grupos!$F$2:$F$73) | R35: =SUMPRODUCT((Grupos!$B$2:$B$73=$A35)*(Grupos!$C$2:$C$73=$B35)*Grupos!$F$2:$F$73)+SUMPRODUCT((Grupos!$B$2:$B$73=$A35)*(Grupos!$D$2:$D$73=$B35)*Grupos!$E$2:$E$73) | S35: =Q35-R35 | T35: =N35*3+O35 | U35: =T35*1000000+S35*1000+Q35*10-1 | V35: =1+COUNTIF($U$34:$U$37,">"&U35) | W35: 2 | X35: =INDEX($B$34:$B$37,MATCH(W35,$L$34:$L$37,0)) | Y35: =INDEX($B$34:$B$37,MATCH(W35,$V$34:$V$37,0)) | Z35: =IF(AND(X35<>"",X35=Y35),1,0) | AA35: =INDEX($J$34:$J$37,MATCH(W35,$L$34:$L$37,0)) | AB35: =INDEX($I$34:$I$37,MATCH(W35,$L$34:$L$37,0)) | AC35: =INDEX($G$34:$G$37,MATCH(W35,$L$34:$L$37,0)) | AD35: =INDEX($T$34:$T$37,MATCH(W35,$V$34:$V$37,0)) | AE35: =INDEX($S$34:$S$37,MATCH(W35,$V$34:$V$37,0)) | AF35: =INDEX($Q$34:$Q$37,MATCH(W35,$V$34:$V$37,0))
A36: I | B36: Irak | C36: =SUMPRODUCT((Grupos!$B$2:$B$73=$A36)*((Grupos!$C$2:$C$73=$B36)+(Grupos!$D$2:$D$73=$B36))*(Grupos!$G$2:$G$73<>"")) | D36: =SUMPRODUCT((Grupos!$B$2:$B$73=$A36)*(Grupos!$C$2:$C$73=$B36)*(Grupos!$G$2:$G$73>Grupos!$H$2:$H$73))+SUMPRODUCT((Grupos!$B$2:$B$73=$A36)*(Grupos!$D$2:$D$73=$B36)*(Grupos!$H$2:$H$73>Grupos!$G$2:$G$73)) | E36: =SUMPRODUCT((Grupos!$B$2:$B$73=$A36)*((Grupos!$C$2:$C$73=$B36)+(Grupos!$D$2:$D$73=$B36))*(Grupos!$G$2:$G$73=Grupos!$H$2:$H$73)*(Grupos!$G$2:$G$73<>"")) | F36: =C36-D36-E36 | G36: =SUMPRODUCT((Grupos!$B$2:$B$73=$A36)*(Grupos!$C$2:$C$73=$B36)*Grupos!$G$2:$G$73)+SUMPRODUCT((Grupos!$B$2:$B$73=$A36)*(Grupos!$D$2:$D$73=$B36)*Grupos!$H$2:$H$73) | H36: =SUMPRODUCT((Grupos!$B$2:$B$73=$A36)*(Grupos!$C$2:$C$73=$B36)*Grupos!$H$2:$H$73)+SUMPRODUCT((Grupos!$B$2:$B$73=$A36)*(Grupos!$D$2:$D$73=$B36)*Grupos!$G$2:$G$73) | I36: =G36-H36 | J36: =D36*3+E36 | K36: =J36*1000000+I36*1000+G36*10-2 | L36: =1+COUNTIF($K$34:$K$37,">"&K36) | M36: =SUMPRODUCT((Grupos!$B$2:$B$73=$A36)*((Grupos!$C$2:$C$73=$B36)+(Grupos!$D$2:$D$73=$B36))*(Grupos!$E$2:$E$73<>"")) | N36: =SUMPRODUCT((Grupos!$B$2:$B$73=$A36)*(Grupos!$C$2:$C$73=$B36)*(Grupos!$E$2:$E$73>Grupos!$F$2:$F$73))+SUMPRODUCT((Grupos!$B$2:$B$73=$A36)*(Grupos!$D$2:$D$73=$B36)*(Grupos!$F$2:$F$73>Grupos!$E$2:$E$73)) | O36: =SUMPRODUCT((Grupos!$B$2:$B$73=$A36)*((Grupos!$C$2:$C$73=$B36)+(Grupos!$D$2:$D$73=$B36))*(Grupos!$E$2:$E$73=Grupos!$F$2:$F$73)*(Grupos!$E$2:$E$73<>"")) | P36: =M36-N36-O36 | Q36: =SUMPRODUCT((Grupos!$B$2:$B$73=$A36)*(Grupos!$C$2:$C$73=$B36)*Grupos!$E$2:$E$73)+SUMPRODUCT((Grupos!$B$2:$B$73=$A36)*(Grupos!$D$2:$D$73=$B36)*Grupos!$F$2:$F$73) | R36: =SUMPRODUCT((Grupos!$B$2:$B$73=$A36)*(Grupos!$C$2:$C$73=$B36)*Grupos!$F$2:$F$73)+SUMPRODUCT((Grupos!$B$2:$B$73=$A36)*(Grupos!$D$2:$D$73=$B36)*Grupos!$E$2:$E$73) | S36: =Q36-R36 | T36: =N36*3+O36 | U36: =T36*1000000+S36*1000+Q36*10-2 | V36: =1+COUNTIF($U$34:$U$37,">"&U36) | W36: 3 | X36: =INDEX($B$34:$B$37,MATCH(W36,$L$34:$L$37,0)) | Y36: =INDEX($B$34:$B$37,MATCH(W36,$V$34:$V$37,0)) | Z36: =IF(AND(X36<>"",X36=Y36),1,0) | AA36: =INDEX($J$34:$J$37,MATCH(W36,$L$34:$L$37,0)) | AB36: =INDEX($I$34:$I$37,MATCH(W36,$L$34:$L$37,0)) | AC36: =INDEX($G$34:$G$37,MATCH(W36,$L$34:$L$37,0)) | AD36: =INDEX($T$34:$T$37,MATCH(W36,$V$34:$V$37,0)) | AE36: =INDEX($S$34:$S$37,MATCH(W36,$V$34:$V$37,0)) | AF36: =INDEX($Q$34:$Q$37,MATCH(W36,$V$34:$V$37,0))
A37: I | B37: Noruega | C37: =SUMPRODUCT((Grupos!$B$2:$B$73=$A37)*((Grupos!$C$2:$C$73=$B37)+(Grupos!$D$2:$D$73=$B37))*(Grupos!$G$2:$G$73<>"")) | D37: =SUMPRODUCT((Grupos!$B$2:$B$73=$A37)*(Grupos!$C$2:$C$73=$B37)*(Grupos!$G$2:$G$73>Grupos!$H$2:$H$73))+SUMPRODUCT((Grupos!$B$2:$B$73=$A37)*(Grupos!$D$2:$D$73=$B37)*(Grupos!$H$2:$H$73>Grupos!$G$2:$G$73)) | E37: =SUMPRODUCT((Grupos!$B$2:$B$73=$A37)*((Grupos!$C$2:$C$73=$B37)+(Grupos!$D$2:$D$73=$B37))*(Grupos!$G$2:$G$73=Grupos!$H$2:$H$73)*(Grupos!$G$2:$G$73<>"")) | F37: =C37-D37-E37 | G37: =SUMPRODUCT((Grupos!$B$2:$B$73=$A37)*(Grupos!$C$2:$C$73=$B37)*Grupos!$G$2:$G$73)+SUMPRODUCT((Grupos!$B$2:$B$73=$A37)*(Grupos!$D$2:$D$73=$B37)*Grupos!$H$2:$H$73) | H37: =SUMPRODUCT((Grupos!$B$2:$B$73=$A37)*(Grupos!$C$2:$C$73=$B37)*Grupos!$H$2:$H$73)+SUMPRODUCT((Grupos!$B$2:$B$73=$A37)*(Grupos!$D$2:$D$73=$B37)*Grupos!$G$2:$G$73) | I37: =G37-H37 | J37: =D37*3+E37 | K37: =J37*1000000+I37*1000+G37*10-3 | L37: =1+COUNTIF($K$34:$K$37,">"&K37) | M37: =SUMPRODUCT((Grupos!$B$2:$B$73=$A37)*((Grupos!$C$2:$C$73=$B37)+(Grupos!$D$2:$D$73=$B37))*(Grupos!$E$2:$E$73<>"")) | N37: =SUMPRODUCT((Grupos!$B$2:$B$73=$A37)*(Grupos!$C$2:$C$73=$B37)*(Grupos!$E$2:$E$73>Grupos!$F$2:$F$73))+SUMPRODUCT((Grupos!$B$2:$B$73=$A37)*(Grupos!$D$2:$D$73=$B37)*(Grupos!$F$2:$F$73>Grupos!$E$2:$E$73)) | O37: =SUMPRODUCT((Grupos!$B$2:$B$73=$A37)*((Grupos!$C$2:$C$73=$B37)+(Grupos!$D$2:$D$73=$B37))*(Grupos!$E$2:$E$73=Grupos!$F$2:$F$73)*(Grupos!$E$2:$E$73<>"")) | P37: =M37-N37-O37 | Q37: =SUMPRODUCT((Grupos!$B$2:$B$73=$A37)*(Grupos!$C$2:$C$73=$B37)*Grupos!$E$2:$E$73)+SUMPRODUCT((Grupos!$B$2:$B$73=$A37)*(Grupos!$D$2:$D$73=$B37)*Grupos!$F$2:$F$73) | R37: =SUMPRODUCT((Grupos!$B$2:$B$73=$A37)*(Grupos!$C$2:$C$73=$B37)*Grupos!$F$2:$F$73)+SUMPRODUCT((Grupos!$B$2:$B$73=$A37)*(Grupos!$D$2:$D$73=$B37)*Grupos!$E$2:$E$73) | S37: =Q37-R37 | T37: =N37*3+O37 | U37: =T37*1000000+S37*1000+Q37*10-3 | V37: =1+COUNTIF($U$34:$U$37,">"&U37) | W37: 4 | X37: =INDEX($B$34:$B$37,MATCH(W37,$L$34:$L$37,0)) | Y37: =INDEX($B$34:$B$37,MATCH(W37,$V$34:$V$37,0)) | Z37: =IF(AND(X37<>"",X37=Y37),1,0) | AA37: =INDEX($J$34:$J$37,MATCH(W37,$L$34:$L$37,0)) | AB37: =INDEX($I$34:$I$37,MATCH(W37,$L$34:$L$37,0)) | AC37: =INDEX($G$34:$G$37,MATCH(W37,$L$34:$L$37,0)) | AD37: =INDEX($T$34:$T$37,MATCH(W37,$V$34:$V$37,0)) | AE37: =INDEX($S$34:$S$37,MATCH(W37,$V$34:$V$37,0)) | AF37: =INDEX($Q$34:$Q$37,MATCH(W37,$V$34:$V$37,0))
A38: J | B38: Argentina | C38: =SUMPRODUCT((Grupos!$B$2:$B$73=$A38)*((Grupos!$C$2:$C$73=$B38)+(Grupos!$D$2:$D$73=$B38))*(Grupos!$G$2:$G$73<>"")) | D38: =SUMPRODUCT((Grupos!$B$2:$B$73=$A38)*(Grupos!$C$2:$C$73=$B38)*(Grupos!$G$2:$G$73>Grupos!$H$2:$H$73))+SUMPRODUCT((Grupos!$B$2:$B$73=$A38)*(Grupos!$D$2:$D$73=$B38)*(Grupos!$H$2:$H$73>Grupos!$G$2:$G$73)) | E38: =SUMPRODUCT((Grupos!$B$2:$B$73=$A38)*((Grupos!$C$2:$C$73=$B38)+(Grupos!$D$2:$D$73=$B38))*(Grupos!$G$2:$G$73=Grupos!$H$2:$H$73)*(Grupos!$G$2:$G$73<>"")) | F38: =C38-D38-E38 | G38: =SUMPRODUCT((Grupos!$B$2:$B$73=$A38)*(Grupos!$C$2:$C$73=$B38)*Grupos!$G$2:$G$73)+SUMPRODUCT((Grupos!$B$2:$B$73=$A38)*(Grupos!$D$2:$D$73=$B38)*Grupos!$H$2:$H$73) | H38: =SUMPRODUCT((Grupos!$B$2:$B$73=$A38)*(Grupos!$C$2:$C$73=$B38)*Grupos!$H$2:$H$73)+SUMPRODUCT((Grupos!$B$2:$B$73=$A38)*(Grupos!$D$2:$D$73=$B38)*Grupos!$G$2:$G$73) | I38: =G38-H38 | J38: =D38*3+E38 | K38: =J38*1000000+I38*1000+G38*10-0 | L38: =1+COUNTIF($K$38:$K$41,">"&K38) | M38: =SUMPRODUCT((Grupos!$B$2:$B$73=$A38)*((Grupos!$C$2:$C$73=$B38)+(Grupos!$D$2:$D$73=$B38))*(Grupos!$E$2:$E$73<>"")) | N38: =SUMPRODUCT((Grupos!$B$2:$B$73=$A38)*(Grupos!$C$2:$C$73=$B38)*(Grupos!$E$2:$E$73>Grupos!$F$2:$F$73))+SUMPRODUCT((Grupos!$B$2:$B$73=$A38)*(Grupos!$D$2:$D$73=$B38)*(Grupos!$F$2:$F$73>Grupos!$E$2:$E$73)) | O38: =SUMPRODUCT((Grupos!$B$2:$B$73=$A38)*((Grupos!$C$2:$C$73=$B38)+(Grupos!$D$2:$D$73=$B38))*(Grupos!$E$2:$E$73=Grupos!$F$2:$F$73)*(Grupos!$E$2:$E$73<>"")) | P38: =M38-N38-O38 | Q38: =SUMPRODUCT((Grupos!$B$2:$B$73=$A38)*(Grupos!$C$2:$C$73=$B38)*Grupos!$E$2:$E$73)+SUMPRODUCT((Grupos!$B$2:$B$73=$A38)*(Grupos!$D$2:$D$73=$B38)*Grupos!$F$2:$F$73) | R38: =SUMPRODUCT((Grupos!$B$2:$B$73=$A38)*(Grupos!$C$2:$C$73=$B38)*Grupos!$F$2:$F$73)+SUMPRODUCT((Grupos!$B$2:$B$73=$A38)*(Grupos!$D$2:$D$73=$B38)*Grupos!$E$2:$E$73) | S38: =Q38-R38 | T38: =N38*3+O38 | U38: =T38*1000000+S38*1000+Q38*10-0 | V38: =1+COUNTIF($U$38:$U$41,">"&U38) | W38: 1 | X38: =INDEX($B$38:$B$41,MATCH(W38,$L$38:$L$41,0)) | Y38: =INDEX($B$38:$B$41,MATCH(W38,$V$38:$V$41,0)) | Z38: =IF(AND(X38<>"",X38=Y38),1,0) | AA38: =INDEX($J$38:$J$41,MATCH(W38,$L$38:$L$41,0)) | AB38: =INDEX($I$38:$I$41,MATCH(W38,$L$38:$L$41,0)) | AC38: =INDEX($G$38:$G$41,MATCH(W38,$L$38:$L$41,0)) | AD38: =INDEX($T$38:$T$41,MATCH(W38,$V$38:$V$41,0)) | AE38: =INDEX($S$38:$S$41,MATCH(W38,$V$38:$V$41,0)) | AF38: =INDEX($Q$38:$Q$41,MATCH(W38,$V$38:$V$41,0))
A39: J | B39: Argelia | C39: =SUMPRODUCT((Grupos!$B$2:$B$73=$A39)*((Grupos!$C$2:$C$73=$B39)+(Grupos!$D$2:$D$73=$B39))*(Grupos!$G$2:$G$73<>"")) | D39: =SUMPRODUCT((Grupos!$B$2:$B$73=$A39)*(Grupos!$C$2:$C$73=$B39)*(Grupos!$G$2:$G$73>Grupos!$H$2:$H$73))+SUMPRODUCT((Grupos!$B$2:$B$73=$A39)*(Grupos!$D$2:$D$73=$B39)*(Grupos!$H$2:$H$73>Grupos!$G$2:$G$73)) | E39: =SUMPRODUCT((Grupos!$B$2:$B$73=$A39)*((Grupos!$C$2:$C$73=$B39)+(Grupos!$D$2:$D$73=$B39))*(Grupos!$G$2:$G$73=Grupos!$H$2:$H$73)*(Grupos!$G$2:$G$73<>"")) | F39: =C39-D39-E39 | G39: =SUMPRODUCT((Grupos!$B$2:$B$73=$A39)*(Grupos!$C$2:$C$73=$B39)*Grupos!$G$2:$G$73)+SUMPRODUCT((Grupos!$B$2:$B$73=$A39)*(Grupos!$D$2:$D$73=$B39)*Grupos!$H$2:$H$73) | H39: =SUMPRODUCT((Grupos!$B$2:$B$73=$A39)*(Grupos!$C$2:$C$73=$B39)*Grupos!$H$2:$H$73)+SUMPRODUCT((Grupos!$B$2:$B$73=$A39)*(Grupos!$D$2:$D$73=$B39)*Grupos!$G$2:$G$73) | I39: =G39-H39 | J39: =D39*3+E39 | K39: =J39*1000000+I39*1000+G39*10-1 | L39: =1+COUNTIF($K$38:$K$41,">"&K39) | M39: =SUMPRODUCT((Grupos!$B$2:$B$73=$A39)*((Grupos!$C$2:$C$73=$B39)+(Grupos!$D$2:$D$73=$B39))*(Grupos!$E$2:$E$73<>"")) | N39: =SUMPRODUCT((Grupos!$B$2:$B$73=$A39)*(Grupos!$C$2:$C$73=$B39)*(Grupos!$E$2:$E$73>Grupos!$F$2:$F$73))+SUMPRODUCT((Grupos!$B$2:$B$73=$A39)*(Grupos!$D$2:$D$73=$B39)*(Grupos!$F$2:$F$73>Grupos!$E$2:$E$73)) | O39: =SUMPRODUCT((Grupos!$B$2:$B$73=$A39)*((Grupos!$C$2:$C$73=$B39)+(Grupos!$D$2:$D$73=$B39))*(Grupos!$E$2:$E$73=Grupos!$F$2:$F$73)*(Grupos!$E$2:$E$73<>"")) | P39: =M39-N39-O39 | Q39: =SUMPRODUCT((Grupos!$B$2:$B$73=$A39)*(Grupos!$C$2:$C$73=$B39)*Grupos!$E$2:$E$73)+SUMPRODUCT((Grupos!$B$2:$B$73=$A39)*(Grupos!$D$2:$D$73=$B39)*Grupos!$F$2:$F$73) | R39: =SUMPRODUCT((Grupos!$B$2:$B$73=$A39)*(Grupos!$C$2:$C$73=$B39)*Grupos!$F$2:$F$73)+SUMPRODUCT((Grupos!$B$2:$B$73=$A39)*(Grupos!$D$2:$D$73=$B39)*Grupos!$E$2:$E$73) | S39: =Q39-R39 | T39: =N39*3+O39 | U39: =T39*1000000+S39*1000+Q39*10-1 | V39: =1+COUNTIF($U$38:$U$41,">"&U39) | W39: 2 | X39: =INDEX($B$38:$B$41,MATCH(W39,$L$38:$L$41,0)) | Y39: =INDEX($B$38:$B$41,MATCH(W39,$V$38:$V$41,0)) | Z39: =IF(AND(X39<>"",X39=Y39),1,0) | AA39: =INDEX($J$38:$J$41,MATCH(W39,$L$38:$L$41,0)) | AB39: =INDEX($I$38:$I$41,MATCH(W39,$L$38:$L$41,0)) | AC39: =INDEX($G$38:$G$41,MATCH(W39,$L$38:$L$41,0)) | AD39: =INDEX($T$38:$T$41,MATCH(W39,$V$38:$V$41,0)) | AE39: =INDEX($S$38:$S$41,MATCH(W39,$V$38:$V$41,0)) | AF39: =INDEX($Q$38:$Q$41,MATCH(W39,$V$38:$V$41,0))
A40: J | B40: Austria | C40: =SUMPRODUCT((Grupos!$B$2:$B$73=$A40)*((Grupos!$C$2:$C$73=$B40)+(Grupos!$D$2:$D$73=$B40))*(Grupos!$G$2:$G$73<>"")) | D40: =SUMPRODUCT((Grupos!$B$2:$B$73=$A40)*(Grupos!$C$2:$C$73=$B40)*(Grupos!$G$2:$G$73>Grupos!$H$2:$H$73))+SUMPRODUCT((Grupos!$B$2:$B$73=$A40)*(Grupos!$D$2:$D$73=$B40)*(Grupos!$H$2:$H$73>Grupos!$G$2:$G$73)) | E40: =SUMPRODUCT((Grupos!$B$2:$B$73=$A40)*((Grupos!$C$2:$C$73=$B40)+(Grupos!$D$2:$D$73=$B40))*(Grupos!$G$2:$G$73=Grupos!$H$2:$H$73)*(Grupos!$G$2:$G$73<>"")) | F40: =C40-D40-E40 | G40: =SUMPRODUCT((Grupos!$B$2:$B$73=$A40)*(Grupos!$C$2:$C$73=$B40)*Grupos!$G$2:$G$73)+SUMPRODUCT((Grupos!$B$2:$B$73=$A40)*(Grupos!$D$2:$D$73=$B40)*Grupos!$H$2:$H$73) | H40: =SUMPRODUCT((Grupos!$B$2:$B$73=$A40)*(Grupos!$C$2:$C$73=$B40)*Grupos!$H$2:$H$73)+SUMPRODUCT((Grupos!$B$2:$B$73=$A40)*(Grupos!$D$2:$D$73=$B40)*Grupos!$G$2:$G$73) | I40: =G40-H40 | J40: =D40*3+E40 | K40: =J40*1000000+I40*1000+G40*10-2 | L40: =1+COUNTIF($K$38:$K$41,">"&K40) | M40: =SUMPRODUCT((Grupos!$B$2:$B$73=$A40)*((Grupos!$C$2:$C$73=$B40)+(Grupos!$D$2:$D$73=$B40))*(Grupos!$E$2:$E$73<>"")) | N40: =SUMPRODUCT((Grupos!$B$2:$B$73=$A40)*(Grupos!$C$2:$C$73=$B40)*(Grupos!$E$2:$E$73>Grupos!$F$2:$F$73))+SUMPRODUCT((Grupos!$B$2:$B$73=$A40)*(Grupos!$D$2:$D$73=$B40)*(Grupos!$F$2:$F$73>Grupos!$E$2:$E$73)) | O40: =SUMPRODUCT((Grupos!$B$2:$B$73=$A40)*((Grupos!$C$2:$C$73=$B40)+(Grupos!$D$2:$D$73=$B40))*(Grupos!$E$2:$E$73=Grupos!$F$2:$F$73)*(Grupos!$E$2:$E$73<>"")) | P40: =M40-N40-O40 | Q40: =SUMPRODUCT((Grupos!$B$2:$B$73=$A40)*(Grupos!$C$2:$C$73=$B40)*Grupos!$E$2:$E$73)+SUMPRODUCT((Grupos!$B$2:$B$73=$A40)*(Grupos!$D$2:$D$73=$B40)*Grupos!$F$2:$F$73) | R40: =SUMPRODUCT((Grupos!$B$2:$B$73=$A40)*(Grupos!$C$2:$C$73=$B40)*Grupos!$F$2:$F$73)+SUMPRODUCT((Grupos!$B$2:$B$73=$A40)*(Grupos!$D$2:$D$73=$B40)*Grupos!$E$2:$E$73) | S40: =Q40-R40 | T40: =N40*3+O40 | U40: =T40*1000000+S40*1000+Q40*10-2 | V40: =1+COUNTIF($U$38:$U$41,">"&U40) | W40: 3 | X40: =INDEX($B$38:$B$41,MATCH(W40,$L$38:$L$41,0)) | Y40: =INDEX($B$38:$B$41,MATCH(W40,$V$38:$V$41,0)) | Z40: =IF(AND(X40<>"",X40=Y40),1,0) | AA40: =INDEX($J$38:$J$41,MATCH(W40,$L$38:$L$41,0)) | AB40: =INDEX($I$38:$I$41,MATCH(W40,$L$38:$L$41,0)) | AC40: =INDEX($G$38:$G$41,MATCH(W40,$L$38:$L$41,0)) | AD40: =INDEX($T$38:$T$41,MATCH(W40,$V$38:$V$41,0)) | AE40: =INDEX($S$38:$S$41,MATCH(W40,$V$38:$V$41,0)) | AF40: =INDEX($Q$38:$Q$41,MATCH(W40,$V$38:$V$41,0))
A41: J | B41: Jordania | C41: =SUMPRODUCT((Grupos!$B$2:$B$73=$A41)*((Grupos!$C$2:$C$73=$B41)+(Grupos!$D$2:$D$73=$B41))*(Grupos!$G$2:$G$73<>"")) | D41: =SUMPRODUCT((Grupos!$B$2:$B$73=$A41)*(Grupos!$C$2:$C$73=$B41)*(Grupos!$G$2:$G$73>Grupos!$H$2:$H$73))+SUMPRODUCT((Grupos!$B$2:$B$73=$A41)*(Grupos!$D$2:$D$73=$B41)*(Grupos!$H$2:$H$73>Grupos!$G$2:$G$73)) | E41: =SUMPRODUCT((Grupos!$B$2:$B$73=$A41)*((Grupos!$C$2:$C$73=$B41)+(Grupos!$D$2:$D$73=$B41))*(Grupos!$G$2:$G$73=Grupos!$H$2:$H$73)*(Grupos!$G$2:$G$73<>"")) | F41: =C41-D41-E41 | G41: =SUMPRODUCT((Grupos!$B$2:$B$73=$A41)*(Grupos!$C$2:$C$73=$B41)*Grupos!$G$2:$G$73)+SUMPRODUCT((Grupos!$B$2:$B$73=$A41)*(Grupos!$D$2:$D$73=$B41)*Grupos!$H$2:$H$73) | H41: =SUMPRODUCT((Grupos!$B$2:$B$73=$A41)*(Grupos!$C$2:$C$73=$B41)*Grupos!$H$2:$H$73)+SUMPRODUCT((Grupos!$B$2:$B$73=$A41)*(Grupos!$D$2:$D$73=$B41)*Grupos!$G$2:$G$73) | I41: =G41-H41 | J41: =D41*3+E41 | K41: =J41*1000000+I41*1000+G41*10-3 | L41: =1+COUNTIF($K$38:$K$41,">"&K41) | M41: =SUMPRODUCT((Grupos!$B$2:$B$73=$A41)*((Grupos!$C$2:$C$73=$B41)+(Grupos!$D$2:$D$73=$B41))*(Grupos!$E$2:$E$73<>"")) | N41: =SUMPRODUCT((Grupos!$B$2:$B$73=$A41)*(Grupos!$C$2:$C$73=$B41)*(Grupos!$E$2:$E$73>Grupos!$F$2:$F$73))+SUMPRODUCT((Grupos!$B$2:$B$73=$A41)*(Grupos!$D$2:$D$73=$B41)*(Grupos!$F$2:$F$73>Grupos!$E$2:$E$73)) | O41: =SUMPRODUCT((Grupos!$B$2:$B$73=$A41)*((Grupos!$C$2:$C$73=$B41)+(Grupos!$D$2:$D$73=$B41))*(Grupos!$E$2:$E$73=Grupos!$F$2:$F$73)*(Grupos!$E$2:$E$73<>"")) | P41: =M41-N41-O41 | Q41: =SUMPRODUCT((Grupos!$B$2:$B$73=$A41)*(Grupos!$C$2:$C$73=$B41)*Grupos!$E$2:$E$73)+SUMPRODUCT((Grupos!$B$2:$B$73=$A41)*(Grupos!$D$2:$D$73=$B41)*Grupos!$F$2:$F$73) | R41: =SUMPRODUCT((Grupos!$B$2:$B$73=$A41)*(Grupos!$C$2:$C$73=$B41)*Grupos!$F$2:$F$73)+SUMPRODUCT((Grupos!$B$2:$B$73=$A41)*(Grupos!$D$2:$D$73=$B41)*Grupos!$E$2:$E$73) | S41: =Q41-R41 | T41: =N41*3+O41 | U41: =T41*1000000+S41*1000+Q41*10-3 | V41: =1+COUNTIF($U$38:$U$41,">"&U41) | W41: 4 | X41: =INDEX($B$38:$B$41,MATCH(W41,$L$38:$L$41,0)) | Y41: =INDEX($B$38:$B$41,MATCH(W41,$V$38:$V$41,0)) | Z41: =IF(AND(X41<>"",X41=Y41),1,0) | AA41: =INDEX($J$38:$J$41,MATCH(W41,$L$38:$L$41,0)) | AB41: =INDEX($I$38:$I$41,MATCH(W41,$L$38:$L$41,0)) | AC41: =INDEX($G$38:$G$41,MATCH(W41,$L$38:$L$41,0)) | AD41: =INDEX($T$38:$T$41,MATCH(W41,$V$38:$V$41,0)) | AE41: =INDEX($S$38:$S$41,MATCH(W41,$V$38:$V$41,0)) | AF41: =INDEX($Q$38:$Q$41,MATCH(W41,$V$38:$V$41,0))
A42: K | B42: Portugal | C42: =SUMPRODUCT((Grupos!$B$2:$B$73=$A42)*((Grupos!$C$2:$C$73=$B42)+(Grupos!$D$2:$D$73=$B42))*(Grupos!$G$2:$G$73<>"")) | D42: =SUMPRODUCT((Grupos!$B$2:$B$73=$A42)*(Grupos!$C$2:$C$73=$B42)*(Grupos!$G$2:$G$73>Grupos!$H$2:$H$73))+SUMPRODUCT((Grupos!$B$2:$B$73=$A42)*(Grupos!$D$2:$D$73=$B42)*(Grupos!$H$2:$H$73>Grupos!$G$2:$G$73)) | E42: =SUMPRODUCT((Grupos!$B$2:$B$73=$A42)*((Grupos!$C$2:$C$73=$B42)+(Grupos!$D$2:$D$73=$B42))*(Grupos!$G$2:$G$73=Grupos!$H$2:$H$73)*(Grupos!$G$2:$G$73<>"")) | F42: =C42-D42-E42 | G42: =SUMPRODUCT((Grupos!$B$2:$B$73=$A42)*(Grupos!$C$2:$C$73=$B42)*Grupos!$G$2:$G$73)+SUMPRODUCT((Grupos!$B$2:$B$73=$A42)*(Grupos!$D$2:$D$73=$B42)*Grupos!$H$2:$H$73) | H42: =SUMPRODUCT((Grupos!$B$2:$B$73=$A42)*(Grupos!$C$2:$C$73=$B42)*Grupos!$H$2:$H$73)+SUMPRODUCT((Grupos!$B$2:$B$73=$A42)*(Grupos!$D$2:$D$73=$B42)*Grupos!$G$2:$G$73) | I42: =G42-H42 | J42: =D42*3+E42 | K42: =J42*1000000+I42*1000+G42*10-0 | L42: =1+COUNTIF($K$42:$K$45,">"&K42) | M42: =SUMPRODUCT((Grupos!$B$2:$B$73=$A42)*((Grupos!$C$2:$C$73=$B42)+(Grupos!$D$2:$D$73=$B42))*(Grupos!$E$2:$E$73<>"")) | N42: =SUMPRODUCT((Grupos!$B$2:$B$73=$A42)*(Grupos!$C$2:$C$73=$B42)*(Grupos!$E$2:$E$73>Grupos!$F$2:$F$73))+SUMPRODUCT((Grupos!$B$2:$B$73=$A42)*(Grupos!$D$2:$D$73=$B42)*(Grupos!$F$2:$F$73>Grupos!$E$2:$E$73)) | O42: =SUMPRODUCT((Grupos!$B$2:$B$73=$A42)*((Grupos!$C$2:$C$73=$B42)+(Grupos!$D$2:$D$73=$B42))*(Grupos!$E$2:$E$73=Grupos!$F$2:$F$73)*(Grupos!$E$2:$E$73<>"")) | P42: =M42-N42-O42 | Q42: =SUMPRODUCT((Grupos!$B$2:$B$73=$A42)*(Grupos!$C$2:$C$73=$B42)*Grupos!$E$2:$E$73)+SUMPRODUCT((Grupos!$B$2:$B$73=$A42)*(Grupos!$D$2:$D$73=$B42)*Grupos!$F$2:$F$73) | R42: =SUMPRODUCT((Grupos!$B$2:$B$73=$A42)*(Grupos!$C$2:$C$73=$B42)*Grupos!$F$2:$F$73)+SUMPRODUCT((Grupos!$B$2:$B$73=$A42)*(Grupos!$D$2:$D$73=$B42)*Grupos!$E$2:$E$73) | S42: =Q42-R42 | T42: =N42*3+O42 | U42: =T42*1000000+S42*1000+Q42*10-0 | V42: =1+COUNTIF($U$42:$U$45,">"&U42) | W42: 1 | X42: =INDEX($B$42:$B$45,MATCH(W42,$L$42:$L$45,0)) | Y42: =INDEX($B$42:$B$45,MATCH(W42,$V$42:$V$45,0)) | Z42: =IF(AND(X42<>"",X42=Y42),1,0) | AA42: =INDEX($J$42:$J$45,MATCH(W42,$L$42:$L$45,0)) | AB42: =INDEX($I$42:$I$45,MATCH(W42,$L$42:$L$45,0)) | AC42: =INDEX($G$42:$G$45,MATCH(W42,$L$42:$L$45,0)) | AD42: =INDEX($T$42:$T$45,MATCH(W42,$V$42:$V$45,0)) | AE42: =INDEX($S$42:$S$45,MATCH(W42,$V$42:$V$45,0)) | AF42: =INDEX($Q$42:$Q$45,MATCH(W42,$V$42:$V$45,0))
A43: K | B43: R.D. del Congo | C43: =SUMPRODUCT((Grupos!$B$2:$B$73=$A43)*((Grupos!$C$2:$C$73=$B43)+(Grupos!$D$2:$D$73=$B43))*(Grupos!$G$2:$G$73<>"")) | D43: =SUMPRODUCT((Grupos!$B$2:$B$73=$A43)*(Grupos!$C$2:$C$73=$B43)*(Grupos!$G$2:$G$73>Grupos!$H$2:$H$73))+SUMPRODUCT((Grupos!$B$2:$B$73=$A43)*(Grupos!$D$2:$D$73=$B43)*(Grupos!$H$2:$H$73>Grupos!$G$2:$G$73)) | E43: =SUMPRODUCT((Grupos!$B$2:$B$73=$A43)*((Grupos!$C$2:$C$73=$B43)+(Grupos!$D$2:$D$73=$B43))*(Grupos!$G$2:$G$73=Grupos!$H$2:$H$73)*(Grupos!$G$2:$G$73<>"")) | F43: =C43-D43-E43 | G43: =SUMPRODUCT((Grupos!$B$2:$B$73=$A43)*(Grupos!$C$2:$C$73=$B43)*Grupos!$G$2:$G$73)+SUMPRODUCT((Grupos!$B$2:$B$73=$A43)*(Grupos!$D$2:$D$73=$B43)*Grupos!$H$2:$H$73) | H43: =SUMPRODUCT((Grupos!$B$2:$B$73=$A43)*(Grupos!$C$2:$C$73=$B43)*Grupos!$H$2:$H$73)+SUMPRODUCT((Grupos!$B$2:$B$73=$A43)*(Grupos!$D$2:$D$73=$B43)*Grupos!$G$2:$G$73) | I43: =G43-H43 | J43: =D43*3+E43 | K43: =J43*1000000+I43*1000+G43*10-1 | L43: =1+COUNTIF($K$42:$K$45,">"&K43) | M43: =SUMPRODUCT((Grupos!$B$2:$B$73=$A43)*((Grupos!$C$2:$C$73=$B43)+(Grupos!$D$2:$D$73=$B43))*(Grupos!$E$2:$E$73<>"")) | N43: =SUMPRODUCT((Grupos!$B$2:$B$73=$A43)*(Grupos!$C$2:$C$73=$B43)*(Grupos!$E$2:$E$73>Grupos!$F$2:$F$73))+SUMPRODUCT((Grupos!$B$2:$B$73=$A43)*(Grupos!$D$2:$D$73=$B43)*(Grupos!$F$2:$F$73>Grupos!$E$2:$E$73)) | O43: =SUMPRODUCT((Grupos!$B$2:$B$73=$A43)*((Grupos!$C$2:$C$73=$B43)+(Grupos!$D$2:$D$73=$B43))*(Grupos!$E$2:$E$73=Grupos!$F$2:$F$73)*(Grupos!$E$2:$E$73<>"")) | P43: =M43-N43-O43 | Q43: =SUMPRODUCT((Grupos!$B$2:$B$73=$A43)*(Grupos!$C$2:$C$73=$B43)*Grupos!$E$2:$E$73)+SUMPRODUCT((Grupos!$B$2:$B$73=$A43)*(Grupos!$D$2:$D$73=$B43)*Grupos!$F$2:$F$73) | R43: =SUMPRODUCT((Grupos!$B$2:$B$73=$A43)*(Grupos!$C$2:$C$73=$B43)*Grupos!$F$2:$F$73)+SUMPRODUCT((Grupos!$B$2:$B$73=$A43)*(Grupos!$D$2:$D$73=$B43)*Grupos!$E$2:$E$73) | S43: =Q43-R43 | T43: =N43*3+O43 | U43: =T43*1000000+S43*1000+Q43*10-1 | V43: =1+COUNTIF($U$42:$U$45,">"&U43) | W43: 2 | X43: =INDEX($B$42:$B$45,MATCH(W43,$L$42:$L$45,0)) | Y43: =INDEX($B$42:$B$45,MATCH(W43,$V$42:$V$45,0)) | Z43: =IF(AND(X43<>"",X43=Y43),1,0) | AA43: =INDEX($J$42:$J$45,MATCH(W43,$L$42:$L$45,0)) | AB43: =INDEX($I$42:$I$45,MATCH(W43,$L$42:$L$45,0)) | AC43: =INDEX($G$42:$G$45,MATCH(W43,$L$42:$L$45,0)) | AD43: =INDEX($T$42:$T$45,MATCH(W43,$V$42:$V$45,0)) | AE43: =INDEX($S$42:$S$45,MATCH(W43,$V$42:$V$45,0)) | AF43: =INDEX($Q$42:$Q$45,MATCH(W43,$V$42:$V$45,0))
A44: K | B44: Uzbekistán | C44: =SUMPRODUCT((Grupos!$B$2:$B$73=$A44)*((Grupos!$C$2:$C$73=$B44)+(Grupos!$D$2:$D$73=$B44))*(Grupos!$G$2:$G$73<>"")) | D44: =SUMPRODUCT((Grupos!$B$2:$B$73=$A44)*(Grupos!$C$2:$C$73=$B44)*(Grupos!$G$2:$G$73>Grupos!$H$2:$H$73))+SUMPRODUCT((Grupos!$B$2:$B$73=$A44)*(Grupos!$D$2:$D$73=$B44)*(Grupos!$H$2:$H$73>Grupos!$G$2:$G$73)) | E44: =SUMPRODUCT((Grupos!$B$2:$B$73=$A44)*((Grupos!$C$2:$C$73=$B44)+(Grupos!$D$2:$D$73=$B44))*(Grupos!$G$2:$G$73=Grupos!$H$2:$H$73)*(Grupos!$G$2:$G$73<>"")) | F44: =C44-D44-E44 | G44: =SUMPRODUCT((Grupos!$B$2:$B$73=$A44)*(Grupos!$C$2:$C$73=$B44)*Grupos!$G$2:$G$73)+SUMPRODUCT((Grupos!$B$2:$B$73=$A44)*(Grupos!$D$2:$D$73=$B44)*Grupos!$H$2:$H$73) | H44: =SUMPRODUCT((Grupos!$B$2:$B$73=$A44)*(Grupos!$C$2:$C$73=$B44)*Grupos!$H$2:$H$73)+SUMPRODUCT((Grupos!$B$2:$B$73=$A44)*(Grupos!$D$2:$D$73=$B44)*Grupos!$G$2:$G$73) | I44: =G44-H44 | J44: =D44*3+E44 | K44: =J44*1000000+I44*1000+G44*10-2 | L44: =1+COUNTIF($K$42:$K$45,">"&K44) | M44: =SUMPRODUCT((Grupos!$B$2:$B$73=$A44)*((Grupos!$C$2:$C$73=$B44)+(Grupos!$D$2:$D$73=$B44))*(Grupos!$E$2:$E$73<>"")) | N44: =SUMPRODUCT((Grupos!$B$2:$B$73=$A44)*(Grupos!$C$2:$C$73=$B44)*(Grupos!$E$2:$E$73>Grupos!$F$2:$F$73))+SUMPRODUCT((Grupos!$B$2:$B$73=$A44)*(Grupos!$D$2:$D$73=$B44)*(Grupos!$F$2:$F$73>Grupos!$E$2:$E$73)) | O44: =SUMPRODUCT((Grupos!$B$2:$B$73=$A44)*((Grupos!$C$2:$C$73=$B44)+(Grupos!$D$2:$D$73=$B44))*(Grupos!$E$2:$E$73=Grupos!$F$2:$F$73)*(Grupos!$E$2:$E$73<>"")) | P44: =M44-N44-O44 | Q44: =SUMPRODUCT((Grupos!$B$2:$B$73=$A44)*(Grupos!$C$2:$C$73=$B44)*Grupos!$E$2:$E$73)+SUMPRODUCT((Grupos!$B$2:$B$73=$A44)*(Grupos!$D$2:$D$73=$B44)*Grupos!$F$2:$F$73) | R44: =SUMPRODUCT((Grupos!$B$2:$B$73=$A44)*(Grupos!$C$2:$C$73=$B44)*Grupos!$F$2:$F$73)+SUMPRODUCT((Grupos!$B$2:$B$73=$A44)*(Grupos!$D$2:$D$73=$B44)*Grupos!$E$2:$E$73) | S44: =Q44-R44 | T44: =N44*3+O44 | U44: =T44*1000000+S44*1000+Q44*10-2 | V44: =1+COUNTIF($U$42:$U$45,">"&U44) | W44: 3 | X44: =INDEX($B$42:$B$45,MATCH(W44,$L$42:$L$45,0)) | Y44: =INDEX($B$42:$B$45,MATCH(W44,$V$42:$V$45,0)) | Z44: =IF(AND(X44<>"",X44=Y44),1,0) | AA44: =INDEX($J$42:$J$45,MATCH(W44,$L$42:$L$45,0)) | AB44: =INDEX($I$42:$I$45,MATCH(W44,$L$42:$L$45,0)) | AC44: =INDEX($G$42:$G$45,MATCH(W44,$L$42:$L$45,0)) | AD44: =INDEX($T$42:$T$45,MATCH(W44,$V$42:$V$45,0)) | AE44: =INDEX($S$42:$S$45,MATCH(W44,$V$42:$V$45,0)) | AF44: =INDEX($Q$42:$Q$45,MATCH(W44,$V$42:$V$45,0))
A45: K | B45: Colombia | C45: =SUMPRODUCT((Grupos!$B$2:$B$73=$A45)*((Grupos!$C$2:$C$73=$B45)+(Grupos!$D$2:$D$73=$B45))*(Grupos!$G$2:$G$73<>"")) | D45: =SUMPRODUCT((Grupos!$B$2:$B$73=$A45)*(Grupos!$C$2:$C$73=$B45)*(Grupos!$G$2:$G$73>Grupos!$H$2:$H$73))+SUMPRODUCT((Grupos!$B$2:$B$73=$A45)*(Grupos!$D$2:$D$73=$B45)*(Grupos!$H$2:$H$73>Grupos!$G$2:$G$73)) | E45: =SUMPRODUCT((Grupos!$B$2:$B$73=$A45)*((Grupos!$C$2:$C$73=$B45)+(Grupos!$D$2:$D$73=$B45))*(Grupos!$G$2:$G$73=Grupos!$H$2:$H$73)*(Grupos!$G$2:$G$73<>"")) | F45: =C45-D45-E45 | G45: =SUMPRODUCT((Grupos!$B$2:$B$73=$A45)*(Grupos!$C$2:$C$73=$B45)*Grupos!$G$2:$G$73)+SUMPRODUCT((Grupos!$B$2:$B$73=$A45)*(Grupos!$D$2:$D$73=$B45)*Grupos!$H$2:$H$73) | H45: =SUMPRODUCT((Grupos!$B$2:$B$73=$A45)*(Grupos!$C$2:$C$73=$B45)*Grupos!$H$2:$H$73)+SUMPRODUCT((Grupos!$B$2:$B$73=$A45)*(Grupos!$D$2:$D$73=$B45)*Grupos!$G$2:$G$73) | I45: =G45-H45 | J45: =D45*3+E45 | K45: =J45*1000000+I45*1000+G45*10-3 | L45: =1+COUNTIF($K$42:$K$45,">"&K45) | M45: =SUMPRODUCT((Grupos!$B$2:$B$73=$A45)*((Grupos!$C$2:$C$73=$B45)+(Grupos!$D$2:$D$73=$B45))*(Grupos!$E$2:$E$73<>"")) | N45: =SUMPRODUCT((Grupos!$B$2:$B$73=$A45)*(Grupos!$C$2:$C$73=$B45)*(Grupos!$E$2:$E$73>Grupos!$F$2:$F$73))+SUMPRODUCT((Grupos!$B$2:$B$73=$A45)*(Grupos!$D$2:$D$73=$B45)*(Grupos!$F$2:$F$73>Grupos!$E$2:$E$73)) | O45: =SUMPRODUCT((Grupos!$B$2:$B$73=$A45)*((Grupos!$C$2:$C$73=$B45)+(Grupos!$D$2:$D$73=$B45))*(Grupos!$E$2:$E$73=Grupos!$F$2:$F$73)*(Grupos!$E$2:$E$73<>"")) | P45: =M45-N45-O45 | Q45: =SUMPRODUCT((Grupos!$B$2:$B$73=$A45)*(Grupos!$C$2:$C$73=$B45)*Grupos!$E$2:$E$73)+SUMPRODUCT((Grupos!$B$2:$B$73=$A45)*(Grupos!$D$2:$D$73=$B45)*Grupos!$F$2:$F$73) | R45: =SUMPRODUCT((Grupos!$B$2:$B$73=$A45)*(Grupos!$C$2:$C$73=$B45)*Grupos!$F$2:$F$73)+SUMPRODUCT((Grupos!$B$2:$B$73=$A45)*(Grupos!$D$2:$D$73=$B45)*Grupos!$E$2:$E$73) | S45: =Q45-R45 | T45: =N45*3+O45 | U45: =T45*1000000+S45*1000+Q45*10-3 | V45: =1+COUNTIF($U$42:$U$45,">"&U45) | W45: 4 | X45: =INDEX($B$42:$B$45,MATCH(W45,$L$42:$L$45,0)) | Y45: =INDEX($B$42:$B$45,MATCH(W45,$V$42:$V$45,0)) | Z45: =IF(AND(X45<>"",X45=Y45),1,0) | AA45: =INDEX($J$42:$J$45,MATCH(W45,$L$42:$L$45,0)) | AB45: =INDEX($I$42:$I$45,MATCH(W45,$L$42:$L$45,0)) | AC45: =INDEX($G$42:$G$45,MATCH(W45,$L$42:$L$45,0)) | AD45: =INDEX($T$42:$T$45,MATCH(W45,$V$42:$V$45,0)) | AE45: =INDEX($S$42:$S$45,MATCH(W45,$V$42:$V$45,0)) | AF45: =INDEX($Q$42:$Q$45,MATCH(W45,$V$42:$V$45,0))
A46: L | B46: Inglaterra | C46: =SUMPRODUCT((Grupos!$B$2:$B$73=$A46)*((Grupos!$C$2:$C$73=$B46)+(Grupos!$D$2:$D$73=$B46))*(Grupos!$G$2:$G$73<>"")) | D46: =SUMPRODUCT((Grupos!$B$2:$B$73=$A46)*(Grupos!$C$2:$C$73=$B46)*(Grupos!$G$2:$G$73>Grupos!$H$2:$H$73))+SUMPRODUCT((Grupos!$B$2:$B$73=$A46)*(Grupos!$D$2:$D$73=$B46)*(Grupos!$H$2:$H$73>Grupos!$G$2:$G$73)) | E46: =SUMPRODUCT((Grupos!$B$2:$B$73=$A46)*((Grupos!$C$2:$C$73=$B46)+(Grupos!$D$2:$D$73=$B46))*(Grupos!$G$2:$G$73=Grupos!$H$2:$H$73)*(Grupos!$G$2:$G$73<>"")) | F46: =C46-D46-E46 | G46: =SUMPRODUCT((Grupos!$B$2:$B$73=$A46)*(Grupos!$C$2:$C$73=$B46)*Grupos!$G$2:$G$73)+SUMPRODUCT((Grupos!$B$2:$B$73=$A46)*(Grupos!$D$2:$D$73=$B46)*Grupos!$H$2:$H$73) | H46: =SUMPRODUCT((Grupos!$B$2:$B$73=$A46)*(Grupos!$C$2:$C$73=$B46)*Grupos!$H$2:$H$73)+SUMPRODUCT((Grupos!$B$2:$B$73=$A46)*(Grupos!$D$2:$D$73=$B46)*Grupos!$G$2:$G$73) | I46: =G46-H46 | J46: =D46*3+E46 | K46: =J46*1000000+I46*1000+G46*10-0 | L46: =1+COUNTIF($K$46:$K$49,">"&K46) | M46: =SUMPRODUCT((Grupos!$B$2:$B$73=$A46)*((Grupos!$C$2:$C$73=$B46)+(Grupos!$D$2:$D$73=$B46))*(Grupos!$E$2:$E$73<>"")) | N46: =SUMPRODUCT((Grupos!$B$2:$B$73=$A46)*(Grupos!$C$2:$C$73=$B46)*(Grupos!$E$2:$E$73>Grupos!$F$2:$F$73))+SUMPRODUCT((Grupos!$B$2:$B$73=$A46)*(Grupos!$D$2:$D$73=$B46)*(Grupos!$F$2:$F$73>Grupos!$E$2:$E$73)) | O46: =SUMPRODUCT((Grupos!$B$2:$B$73=$A46)*((Grupos!$C$2:$C$73=$B46)+(Grupos!$D$2:$D$73=$B46))*(Grupos!$E$2:$E$73=Grupos!$F$2:$F$73)*(Grupos!$E$2:$E$73<>"")) | P46: =M46-N46-O46 | Q46: =SUMPRODUCT((Grupos!$B$2:$B$73=$A46)*(Grupos!$C$2:$C$73=$B46)*Grupos!$E$2:$E$73)+SUMPRODUCT((Grupos!$B$2:$B$73=$A46)*(Grupos!$D$2:$D$73=$B46)*Grupos!$F$2:$F$73) | R46: =SUMPRODUCT((Grupos!$B$2:$B$73=$A46)*(Grupos!$C$2:$C$73=$B46)*Grupos!$F$2:$F$73)+SUMPRODUCT((Grupos!$B$2:$B$73=$A46)*(Grupos!$D$2:$D$73=$B46)*Grupos!$E$2:$E$73) | S46: =Q46-R46 | T46: =N46*3+O46 | U46: =T46*1000000+S46*1000+Q46*10-0 | V46: =1+COUNTIF($U$46:$U$49,">"&U46) | W46: 1 | X46: =INDEX($B$46:$B$49,MATCH(W46,$L$46:$L$49,0)) | Y46: =INDEX($B$46:$B$49,MATCH(W46,$V$46:$V$49,0)) | Z46: =IF(AND(X46<>"",X46=Y46),1,0) | AA46: =INDEX($J$46:$J$49,MATCH(W46,$L$46:$L$49,0)) | AB46: =INDEX($I$46:$I$49,MATCH(W46,$L$46:$L$49,0)) | AC46: =INDEX($G$46:$G$49,MATCH(W46,$L$46:$L$49,0)) | AD46: =INDEX($T$46:$T$49,MATCH(W46,$V$46:$V$49,0)) | AE46: =INDEX($S$46:$S$49,MATCH(W46,$V$46:$V$49,0)) | AF46: =INDEX($Q$46:$Q$49,MATCH(W46,$V$46:$V$49,0))
A47: L | B47: Croacia | C47: =SUMPRODUCT((Grupos!$B$2:$B$73=$A47)*((Grupos!$C$2:$C$73=$B47)+(Grupos!$D$2:$D$73=$B47))*(Grupos!$G$2:$G$73<>"")) | D47: =SUMPRODUCT((Grupos!$B$2:$B$73=$A47)*(Grupos!$C$2:$C$73=$B47)*(Grupos!$G$2:$G$73>Grupos!$H$2:$H$73))+SUMPRODUCT((Grupos!$B$2:$B$73=$A47)*(Grupos!$D$2:$D$73=$B47)*(Grupos!$H$2:$H$73>Grupos!$G$2:$G$73)) | E47: =SUMPRODUCT((Grupos!$B$2:$B$73=$A47)*((Grupos!$C$2:$C$73=$B47)+(Grupos!$D$2:$D$73=$B47))*(Grupos!$G$2:$G$73=Grupos!$H$2:$H$73)*(Grupos!$G$2:$G$73<>"")) | F47: =C47-D47-E47 | G47: =SUMPRODUCT((Grupos!$B$2:$B$73=$A47)*(Grupos!$C$2:$C$73=$B47)*Grupos!$G$2:$G$73)+SUMPRODUCT((Grupos!$B$2:$B$73=$A47)*(Grupos!$D$2:$D$73=$B47)*Grupos!$H$2:$H$73) | H47: =SUMPRODUCT((Grupos!$B$2:$B$73=$A47)*(Grupos!$C$2:$C$73=$B47)*Grupos!$H$2:$H$73)+SUMPRODUCT((Grupos!$B$2:$B$73=$A47)*(Grupos!$D$2:$D$73=$B47)*Grupos!$G$2:$G$73) | I47: =G47-H47 | J47: =D47*3+E47 | K47: =J47*1000000+I47*1000+G47*10-1 | L47: =1+COUNTIF($K$46:$K$49,">"&K47) | M47: =SUMPRODUCT((Grupos!$B$2:$B$73=$A47)*((Grupos!$C$2:$C$73=$B47)+(Grupos!$D$2:$D$73=$B47))*(Grupos!$E$2:$E$73<>"")) | N47: =SUMPRODUCT((Grupos!$B$2:$B$73=$A47)*(Grupos!$C$2:$C$73=$B47)*(Grupos!$E$2:$E$73>Grupos!$F$2:$F$73))+SUMPRODUCT((Grupos!$B$2:$B$73=$A47)*(Grupos!$D$2:$D$73=$B47)*(Grupos!$F$2:$F$73>Grupos!$E$2:$E$73)) | O47: =SUMPRODUCT((Grupos!$B$2:$B$73=$A47)*((Grupos!$C$2:$C$73=$B47)+(Grupos!$D$2:$D$73=$B47))*(Grupos!$E$2:$E$73=Grupos!$F$2:$F$73)*(Grupos!$E$2:$E$73<>"")) | P47: =M47-N47-O47 | Q47: =SUMPRODUCT((Grupos!$B$2:$B$73=$A47)*(Grupos!$C$2:$C$73=$B47)*Grupos!$E$2:$E$73)+SUMPRODUCT((Grupos!$B$2:$B$73=$A47)*(Grupos!$D$2:$D$73=$B47)*Grupos!$F$2:$F$73) | R47: =SUMPRODUCT((Grupos!$B$2:$B$73=$A47)*(Grupos!$C$2:$C$73=$B47)*Grupos!$F$2:$F$73)+SUMPRODUCT((Grupos!$B$2:$B$73=$A47)*(Grupos!$D$2:$D$73=$B47)*Grupos!$E$2:$E$73) | S47: =Q47-R47 | T47: =N47*3+O47 | U47: =T47*1000000+S47*1000+Q47*10-1 | V47: =1+COUNTIF($U$46:$U$49,">"&U47) | W47: 2 | X47: =INDEX($B$46:$B$49,MATCH(W47,$L$46:$L$49,0)) | Y47: =INDEX($B$46:$B$49,MATCH(W47,$V$46:$V$49,0)) | Z47: =IF(AND(X47<>"",X47=Y47),1,0) | AA47: =INDEX($J$46:$J$49,MATCH(W47,$L$46:$L$49,0)) | AB47: =INDEX($I$46:$I$49,MATCH(W47,$L$46:$L$49,0)) | AC47: =INDEX($G$46:$G$49,MATCH(W47,$L$46:$L$49,0)) | AD47: =INDEX($T$46:$T$49,MATCH(W47,$V$46:$V$49,0)) | AE47: =INDEX($S$46:$S$49,MATCH(W47,$V$46:$V$49,0)) | AF47: =INDEX($Q$46:$Q$49,MATCH(W47,$V$46:$V$49,0))
A48: L | B48: Ghana | C48: =SUMPRODUCT((Grupos!$B$2:$B$73=$A48)*((Grupos!$C$2:$C$73=$B48)+(Grupos!$D$2:$D$73=$B48))*(Grupos!$G$2:$G$73<>"")) | D48: =SUMPRODUCT((Grupos!$B$2:$B$73=$A48)*(Grupos!$C$2:$C$73=$B48)*(Grupos!$G$2:$G$73>Grupos!$H$2:$H$73))+SUMPRODUCT((Grupos!$B$2:$B$73=$A48)*(Grupos!$D$2:$D$73=$B48)*(Grupos!$H$2:$H$73>Grupos!$G$2:$G$73)) | E48: =SUMPRODUCT((Grupos!$B$2:$B$73=$A48)*((Grupos!$C$2:$C$73=$B48)+(Grupos!$D$2:$D$73=$B48))*(Grupos!$G$2:$G$73=Grupos!$H$2:$H$73)*(Grupos!$G$2:$G$73<>"")) | F48: =C48-D48-E48 | G48: =SUMPRODUCT((Grupos!$B$2:$B$73=$A48)*(Grupos!$C$2:$C$73=$B48)*Grupos!$G$2:$G$73)+SUMPRODUCT((Grupos!$B$2:$B$73=$A48)*(Grupos!$D$2:$D$73=$B48)*Grupos!$H$2:$H$73) | H48: =SUMPRODUCT((Grupos!$B$2:$B$73=$A48)*(Grupos!$C$2:$C$73=$B48)*Grupos!$H$2:$H$73)+SUMPRODUCT((Grupos!$B$2:$B$73=$A48)*(Grupos!$D$2:$D$73=$B48)*Grupos!$G$2:$G$73) | I48: =G48-H48 | J48: =D48*3+E48 | K48: =J48*1000000+I48*1000+G48*10-2 | L48: =1+COUNTIF($K$46:$K$49,">"&K48) | M48: =SUMPRODUCT((Grupos!$B$2:$B$73=$A48)*((Grupos!$C$2:$C$73=$B48)+(Grupos!$D$2:$D$73=$B48))*(Grupos!$E$2:$E$73<>"")) | N48: =SUMPRODUCT((Grupos!$B$2:$B$73=$A48)*(Grupos!$C$2:$C$73=$B48)*(Grupos!$E$2:$E$73>Grupos!$F$2:$F$73))+SUMPRODUCT((Grupos!$B$2:$B$73=$A48)*(Grupos!$D$2:$D$73=$B48)*(Grupos!$F$2:$F$73>Grupos!$E$2:$E$73)) | O48: =SUMPRODUCT((Grupos!$B$2:$B$73=$A48)*((Grupos!$C$2:$C$73=$B48)+(Grupos!$D$2:$D$73=$B48))*(Grupos!$E$2:$E$73=Grupos!$F$2:$F$73)*(Grupos!$E$2:$E$73<>"")) | P48: =M48-N48-O48 | Q48: =SUMPRODUCT((Grupos!$B$2:$B$73=$A48)*(Grupos!$C$2:$C$73=$B48)*Grupos!$E$2:$E$73)+SUMPRODUCT((Grupos!$B$2:$B$73=$A48)*(Grupos!$D$2:$D$73=$B48)*Grupos!$F$2:$F$73) | R48: =SUMPRODUCT((Grupos!$B$2:$B$73=$A48)*(Grupos!$C$2:$C$73=$B48)*Grupos!$F$2:$F$73)+SUMPRODUCT((Grupos!$B$2:$B$73=$A48)*(Grupos!$D$2:$D$73=$B48)*Grupos!$E$2:$E$73) | S48: =Q48-R48 | T48: =N48*3+O48 | U48: =T48*1000000+S48*1000+Q48*10-2 | V48: =1+COUNTIF($U$46:$U$49,">"&U48) | W48: 3 | X48: =INDEX($B$46:$B$49,MATCH(W48,$L$46:$L$49,0)) | Y48: =INDEX($B$46:$B$49,MATCH(W48,$V$46:$V$49,0)) | Z48: =IF(AND(X48<>"",X48=Y48),1,0) | AA48: =INDEX($J$46:$J$49,MATCH(W48,$L$46:$L$49,0)) | AB48: =INDEX($I$46:$I$49,MATCH(W48,$L$46:$L$49,0)) | AC48: =INDEX($G$46:$G$49,MATCH(W48,$L$46:$L$49,0)) | AD48: =INDEX($T$46:$T$49,MATCH(W48,$V$46:$V$49,0)) | AE48: =INDEX($S$46:$S$49,MATCH(W48,$V$46:$V$49,0)) | AF48: =INDEX($Q$46:$Q$49,MATCH(W48,$V$46:$V$49,0))
A49: L | B49: Panamá | C49: =SUMPRODUCT((Grupos!$B$2:$B$73=$A49)*((Grupos!$C$2:$C$73=$B49)+(Grupos!$D$2:$D$73=$B49))*(Grupos!$G$2:$G$73<>"")) | D49: =SUMPRODUCT((Grupos!$B$2:$B$73=$A49)*(Grupos!$C$2:$C$73=$B49)*(Grupos!$G$2:$G$73>Grupos!$H$2:$H$73))+SUMPRODUCT((Grupos!$B$2:$B$73=$A49)*(Grupos!$D$2:$D$73=$B49)*(Grupos!$H$2:$H$73>Grupos!$G$2:$G$73)) | E49: =SUMPRODUCT((Grupos!$B$2:$B$73=$A49)*((Grupos!$C$2:$C$73=$B49)+(Grupos!$D$2:$D$73=$B49))*(Grupos!$G$2:$G$73=Grupos!$H$2:$H$73)*(Grupos!$G$2:$G$73<>"")) | F49: =C49-D49-E49 | G49: =SUMPRODUCT((Grupos!$B$2:$B$73=$A49)*(Grupos!$C$2:$C$73=$B49)*Grupos!$G$2:$G$73)+SUMPRODUCT((Grupos!$B$2:$B$73=$A49)*(Grupos!$D$2:$D$73=$B49)*Grupos!$H$2:$H$73) | H49: =SUMPRODUCT((Grupos!$B$2:$B$73=$A49)*(Grupos!$C$2:$C$73=$B49)*Grupos!$H$2:$H$73)+SUMPRODUCT((Grupos!$B$2:$B$73=$A49)*(Grupos!$D$2:$D$73=$B49)*Grupos!$G$2:$G$73) | I49: =G49-H49 | J49: =D49*3+E49 | K49: =J49*1000000+I49*1000+G49*10-3 | L49: =1+COUNTIF($K$46:$K$49,">"&K49) | M49: =SUMPRODUCT((Grupos!$B$2:$B$73=$A49)*((Grupos!$C$2:$C$73=$B49)+(Grupos!$D$2:$D$73=$B49))*(Grupos!$E$2:$E$73<>"")) | N49: =SUMPRODUCT((Grupos!$B$2:$B$73=$A49)*(Grupos!$C$2:$C$73=$B49)*(Grupos!$E$2:$E$73>Grupos!$F$2:$F$73))+SUMPRODUCT((Grupos!$B$2:$B$73=$A49)*(Grupos!$D$2:$D$73=$B49)*(Grupos!$F$2:$F$73>Grupos!$E$2:$E$73)) | O49: =SUMPRODUCT((Grupos!$B$2:$B$73=$A49)*((Grupos!$C$2:$C$73=$B49)+(Grupos!$D$2:$D$73=$B49))*(Grupos!$E$2:$E$73=Grupos!$F$2:$F$73)*(Grupos!$E$2:$E$73<>"")) | P49: =M49-N49-O49 | Q49: =SUMPRODUCT((Grupos!$B$2:$B$73=$A49)*(Grupos!$C$2:$C$73=$B49)*Grupos!$E$2:$E$73)+SUMPRODUCT((Grupos!$B$2:$B$73=$A49)*(Grupos!$D$2:$D$73=$B49)*Grupos!$F$2:$F$73) | R49: =SUMPRODUCT((Grupos!$B$2:$B$73=$A49)*(Grupos!$C$2:$C$73=$B49)*Grupos!$F$2:$F$73)+SUMPRODUCT((Grupos!$B$2:$B$73=$A49)*(Grupos!$D$2:$D$73=$B49)*Grupos!$E$2:$E$73) | S49: =Q49-R49 | T49: =N49*3+O49 | U49: =T49*1000000+S49*1000+Q49*10-3 | V49: =1+COUNTIF($U$46:$U$49,">"&U49) | W49: 4 | X49: =INDEX($B$46:$B$49,MATCH(W49,$L$46:$L$49,0)) | Y49: =INDEX($B$46:$B$49,MATCH(W49,$V$46:$V$49,0)) | Z49: =IF(AND(X49<>"",X49=Y49),1,0) | AA49: =INDEX($J$46:$J$49,MATCH(W49,$L$46:$L$49,0)) | AB49: =INDEX($I$46:$I$49,MATCH(W49,$L$46:$L$49,0)) | AC49: =INDEX($G$46:$G$49,MATCH(W49,$L$46:$L$49,0)) | AD49: =INDEX($T$46:$T$49,MATCH(W49,$V$46:$V$49,0)) | AE49: =INDEX($S$46:$S$49,MATCH(W49,$V$46:$V$49,0)) | AF49: =INDEX($Q$46:$Q$49,MATCH(W49,$V$46:$V$49,0))
A51: PUNTOS POSICION EXACTA (suma columna Z) | Z51: =SUM(Z2:Z49)
A54: Grupo | B54: EquipoReal3ro | C54: PtsReal | D54: DGReal | E54: GFReal | F54: OrdenReal | G54: RankReal(1-12) | H54: ClasificaReal | I54: EquipoPron3ro | J54: PtsPron | K54: DGPron | L54: GFPron | M54: OrdenPron | N54: RankPron(1-12) | O54: ClasificaPron
A55: A | B55: =X4 | C55: =AA4 | D55: =AB4 | E55: =AC4 | F55: =C55*1000000+D55*1000+E55*10-0 | G55: =1+COUNTIF($F$55:$F$66,">"&F55) | H55: =IF(G55<=8,1,0) | I55: =Y4 | J55: =AD4 | K55: =AE4 | L55: =AF4 | M55: =J55*1000000+K55*1000+L55*10-0 | N55: =1+COUNTIF($M$55:$M$66,">"&M55) | O55: =IF(N55<=8,1,0)
A56: B | B56: =X8 | C56: =AA8 | D56: =AB8 | E56: =AC8 | F56: =C56*1000000+D56*1000+E56*10-1 | G56: =1+COUNTIF($F$55:$F$66,">"&F56) | H56: =IF(G56<=8,1,0) | I56: =Y8 | J56: =AD8 | K56: =AE8 | L56: =AF8 | M56: =J56*1000000+K56*1000+L56*10-1 | N56: =1+COUNTIF($M$55:$M$66,">"&M56) | O56: =IF(N56<=8,1,0)
A57: C | B57: =X12 | C57: =AA12 | D57: =AB12 | E57: =AC12 | F57: =C57*1000000+D57*1000+E57*10-2 | G57: =1+COUNTIF($F$55:$F$66,">"&F57) | H57: =IF(G57<=8,1,0) | I57: =Y12 | J57: =AD12 | K57: =AE12 | L57: =AF12 | M57: =J57*1000000+K57*1000+L57*10-2 | N57: =1+COUNTIF($M$55:$M$66,">"&M57) | O57: =IF(N57<=8,1,0)
A58: D | B58: =X16 | C58: =AA16 | D58: =AB16 | E58: =AC16 | F58: =C58*1000000+D58*1000+E58*10-3 | G58: =1+COUNTIF($F$55:$F$66,">"&F58) | H58: =IF(G58<=8,1,0) | I58: =Y16 | J58: =AD16 | K58: =AE16 | L58: =AF16 | M58: =J58*1000000+K58*1000+L58*10-3 | N58: =1+COUNTIF($M$55:$M$66,">"&M58) | O58: =IF(N58<=8,1,0)
A59: E | B59: =X20 | C59: =AA20 | D59: =AB20 | E59: =AC20 | F59: =C59*1000000+D59*1000+E59*10-4 | G59: =1+COUNTIF($F$55:$F$66,">"&F59) | H59: =IF(G59<=8,1,0) | I59: =Y20 | J59: =AD20 | K59: =AE20 | L59: =AF20 | M59: =J59*1000000+K59*1000+L59*10-4 | N59: =1+COUNTIF($M$55:$M$66,">"&M59) | O59: =IF(N59<=8,1,0)
A60: F | B60: =X24 | C60: =AA24 | D60: =AB24 | E60: =AC24 | F60: =C60*1000000+D60*1000+E60*10-5 | G60: =1+COUNTIF($F$55:$F$66,">"&F60) | H60: =IF(G60<=8,1,0) | I60: =Y24 | J60: =AD24 | K60: =AE24 | L60: =AF24 | M60: =J60*1000000+K60*1000+L60*10-5 | N60: =1+COUNTIF($M$55:$M$66,">"&M60) | O60: =IF(N60<=8,1,0)
A61: G | B61: =X28 | C61: =AA28 | D61: =AB28 | E61: =AC28 | F61: =C61*1000000+D61*1000+E61*10-6 | G61: =1+COUNTIF($F$55:$F$66,">"&F61) | H61: =IF(G61<=8,1,0) | I61: =Y28 | J61: =AD28 | K61: =AE28 | L61: =AF28 | M61: =J61*1000000+K61*1000+L61*10-6 | N61: =1+COUNTIF($M$55:$M$66,">"&M61) | O61: =IF(N61<=8,1,0)
A62: H | B62: =X32 | C62: =AA32 | D62: =AB32 | E62: =AC32 | F62: =C62*1000000+D62*1000+E62*10-7 | G62: =1+COUNTIF($F$55:$F$66,">"&F62) | H62: =IF(G62<=8,1,0) | I62: =Y32 | J62: =AD32 | K62: =AE32 | L62: =AF32 | M62: =J62*1000000+K62*1000+L62*10-7 | N62: =1+COUNTIF($M$55:$M$66,">"&M62) | O62: =IF(N62<=8,1,0)
A63: I | B63: =X36 | C63: =AA36 | D63: =AB36 | E63: =AC36 | F63: =C63*1000000+D63*1000+E63*10-8 | G63: =1+COUNTIF($F$55:$F$66,">"&F63) | H63: =IF(G63<=8,1,0) | I63: =Y36 | J63: =AD36 | K63: =AE36 | L63: =AF36 | M63: =J63*1000000+K63*1000+L63*10-8 | N63: =1+COUNTIF($M$55:$M$66,">"&M63) | O63: =IF(N63<=8,1,0)
A64: J | B64: =X40 | C64: =AA40 | D64: =AB40 | E64: =AC40 | F64: =C64*1000000+D64*1000+E64*10-9 | G64: =1+COUNTIF($F$55:$F$66,">"&F64) | H64: =IF(G64<=8,1,0) | I64: =Y40 | J64: =AD40 | K64: =AE40 | L64: =AF40 | M64: =J64*1000000+K64*1000+L64*10-9 | N64: =1+COUNTIF($M$55:$M$66,">"&M64) | O64: =IF(N64<=8,1,0)
A65: K | B65: =X44 | C65: =AA44 | D65: =AB44 | E65: =AC44 | F65: =C65*1000000+D65*1000+E65*10-10 | G65: =1+COUNTIF($F$55:$F$66,">"&F65) | H65: =IF(G65<=8,1,0) | I65: =Y44 | J65: =AD44 | K65: =AE44 | L65: =AF44 | M65: =J65*1000000+K65*1000+L65*10-10 | N65: =1+COUNTIF($M$55:$M$66,">"&M65) | O65: =IF(N65<=8,1,0)
A66: L | B66: =X48 | C66: =AA48 | D66: =AB48 | E66: =AC48 | F66: =C66*1000000+D66*1000+E66*10-11 | G66: =1+COUNTIF($F$55:$F$66,">"&F66) | H66: =IF(G66<=8,1,0) | I66: =Y48 | J66: =AD48 | K66: =AE48 | L66: =AF48 | M66: =J66*1000000+K66*1000+L66*10-11 | N66: =1+COUNTIF($M$55:$M$66,">"&M66) | O66: =IF(N66<=8,1,0)
A69: 8 MEJORES TERCEROS
A70: Puesto | B70: Real | C70: Pronostico
A71: 1 | B71: =IFERROR(INDEX($B$55:$B$66,MATCH(1,$G$55:$G$66,0)),"") | C71: =IFERROR(INDEX($I$55:$I$66,MATCH(1,$N$55:$N$66,0)),"")
A72: 2 | B72: =IFERROR(INDEX($B$55:$B$66,MATCH(2,$G$55:$G$66,0)),"") | C72: =IFERROR(INDEX($I$55:$I$66,MATCH(2,$N$55:$N$66,0)),"")
A73: 3 | B73: =IFERROR(INDEX($B$55:$B$66,MATCH(3,$G$55:$G$66,0)),"") | C73: =IFERROR(INDEX($I$55:$I$66,MATCH(3,$N$55:$N$66,0)),"")
A74: 4 | B74: =IFERROR(INDEX($B$55:$B$66,MATCH(4,$G$55:$G$66,0)),"") | C74: =IFERROR(INDEX($I$55:$I$66,MATCH(4,$N$55:$N$66,0)),"")
A75: 5 | B75: =IFERROR(INDEX($B$55:$B$66,MATCH(5,$G$55:$G$66,0)),"") | C75: =IFERROR(INDEX($I$55:$I$66,MATCH(5,$N$55:$N$66,0)),"")
A76: 6 | B76: =IFERROR(INDEX($B$55:$B$66,MATCH(6,$G$55:$G$66,0)),"") | C76: =IFERROR(INDEX($I$55:$I$66,MATCH(6,$N$55:$N$66,0)),"")
A77: 7 | B77: =IFERROR(INDEX($B$55:$B$66,MATCH(7,$G$55:$G$66,0)),"") | C77: =IFERROR(INDEX($I$55:$I$66,MATCH(7,$N$55:$N$66,0)),"")
A78: 8 | B78: =IFERROR(INDEX($B$55:$B$66,MATCH(8,$G$55:$G$66,0)),"") | C78: =IFERROR(INDEX($I$55:$I$66,MATCH(8,$N$55:$N$66,0)),"")
A81: CLASIFICADOS A 32AVOS
A82: # | B82: Real | C82: Pronostico
A83: 1 | B83: =X2 | C83: =Y2
A84: 2 | B84: =X3 | C84: =Y3
A85: 3 | B85: =X6 | C85: =Y6
A86: 4 | B86: =X7 | C86: =Y7
A87: 5 | B87: =X10 | C87: =Y10
A88: 6 | B88: =X11 | C88: =Y11
A89: 7 | B89: =X14 | C89: =Y14
A90: 8 | B90: =X15 | C90: =Y15
A91: 9 | B91: =X18 | C91: =Y18
A92: 10 | B92: =X19 | C92: =Y19
A93: 11 | B93: =X22 | C93: =Y22
A94: 12 | B94: =X23 | C94: =Y23
A95: 13 | B95: =X26 | C95: =Y26
A96: 14 | B96: =X27 | C96: =Y27
A97: 15 | B97: =X30 | C97: =Y30
A98: 16 | B98: =X31 | C98: =Y31
A99: 17 | B99: =X34 | C99: =Y34
A100: 18 | B100: =X35 | C100: =Y35
A101: 19 | B101: =X38 | C101: =Y38
A102: 20 | B102: =X39 | C102: =Y39
A103: 21 | B103: =X42 | C103: =Y42
A104: 22 | B104: =X43 | C104: =Y43
A105: 23 | B105: =X46 | C105: =Y46
A106: 24 | B106: =X47 | C106: =Y47
A107: 25 | B107: =B71 | C107: =C71
...

Sheet Bracket
A1: Ronda | B1: # | C1: Pron. Local | D1: Pron. Visitante | E1: Pron. Ganador | F1: Real Local | G1: Real Visitante | H1: Real Ganador | I1: Puntos Llave
A2: 32avos | B2: 1 | I2: =IF(OR(C2="",D2="",F2="",G2=""),0,IF(OR(AND(C2=F2,D2=G2),AND(C2=G2,D2=F2)),3,0))
A3: 32avos | B3: 2 | I3: =IF(OR(C3="",D3="",F3="",G3=""),0,IF(OR(AND(C3=F3,D3=G3),AND(C3=G3,D3=F3)),3,0))
A4: 32avos | B4: 3 | I4: =IF(OR(C4="",D4="",F4="",G4=""),0,IF(OR(AND(C4=F4,D4=G4),AND(C4=G4,D4=F4)),3,0))
A5: 32avos | B5: 4 | I5: =IF(OR(C5="",D5="",F5="",G5=""),0,IF(OR(AND(C5=F5,D5=G5),AND(C5=G5,D5=F5)),3,0))
A6: 32avos | B6: 5 | I6: =IF(OR(C6="",D6="",F6="",G6=""),0,IF(OR(AND(C6=F6,D6=G6),AND(C6=G6,D6=F6)),3,0))
A7: 32avos | B7: 6 | I7: =IF(OR(C7="",D7="",F7="",G7=""),0,IF(OR(AND(C7=F7,D7=G7),AND(C7=G7,D7=F7)),3,0))
A8: 32avos | B8: 7 | I8: =IF(OR(C8="",D8="",F8="",G8=""),0,IF(OR(AND(C8=F8,D8=G8),AND(C8=G8,D8=F8)),3,0))
A9: 32avos | B9: 8 | I9: =IF(OR(C9="",D9="",F9="",G9=""),0,IF(OR(AND(C9=F9,D9=G9),AND(C9=G9,D9=F9)),3,0))
A10: 32avos | B10: 9 | I10: =IF(OR(C10="",D10="",F10="",G10=""),0,IF(OR(AND(C10=F10,D10=G10),AND(C10=G10,D10=F10)),3,0))
A11: 32avos | B11: 10 | I11: =IF(OR(C11="",D11="",F11="",G11=""),0,IF(OR(AND(C11=F11,D11=G11),AND(C11=G11,D11=F11)),3,0))
A12: 32avos | B12: 11 | I12: =IF(OR(C12="",D12="",F12="",G12=""),0,IF(OR(AND(C12=F12,D12=G12),AND(C12=G12,D12=F12)),3,0))
A13: 32avos | B13: 12 | I13: =IF(OR(C13="",D13="",F13="",G13=""),0,IF(OR(AND(C13=F13,D13=G13),AND(C13=G13,D13=F13)),3,0))
... A17: 32avos | B17: 16 | I17: =IF(OR(C17="",D17="",F17="",G17=""),0,IF(OR(AND(C17=F17,D17=G17),AND(C17=G17,D17=F17)),3,0))
A18: 16avos | B18: 1 | I18: =IF(OR(C18="",D18="",F18="",G18=""),0,IF(OR(AND(C18=F18,D18=G18),AND(C18=G18,D18=F18)),4,0))
A19: 16avos | B19: 2 | I19: =IF(OR(C19="",D19="",F19="",G19=""),0,IF(OR(AND(C19=F19,D19=G19),AND(C19=G19,D19=F19)),4,0))
A20: 16avos | B20: 3 | I20: =IF(OR(C20="",D20="",F20="",G20=""),0,IF(OR(AND(C20=F20,D20=G20),AND(C20=G20,D20=F20)),4,0))
A21: 16avos | B21: 4 | I21: =IF(OR(C21="",D21="",F21="",G21=""),0,IF(OR(AND(C21=F21,D21=G21),AND(C21=G21,D21=F21)),4,0))
A22: 16avos | B22: 5 | I22: =IF(OR(C22="",D22="",F22="",G22=""),0,IF(OR(AND(C22=F22,D22=G22),AND(C22=G22,D22=F22)),4,0))
A23: 16avos | B23: 6 | I23: =IF(OR(C23="",D23="",F23="",G23=""),0,IF(OR(AND(C23=F23,D23=G23),AND(C23=G23,D23=F23)),4,0))
A24: 16avos | B24: 7 | I24: =IF(OR(C24="",D24="",F24="",G24=""),0,IF(OR(AND(C24=F24,D24=G24),AND(C24=G24,D24=F24)),4,0))
A25: 16avos | B25: 8 | I25: =IF(OR(C25="",D25="",F25="",G25=""),0,IF(OR(AND(C25=F25,D25=G25),AND(C25=G25,D25=F25)),4,0))
A26: Cuartos | B26: 1 | I26: =IF(OR(C26="",D26="",F26="",G26=""),0,IF(OR(AND(C26=F26,D26=G26),AND(C26=G26,D26=F26)),8,0))
A27: Cuartos | B27: 2 | I27: =IF(OR(C27="",D27="",F27="",G27=""),0,IF(OR(AND(C27=F27,D27=G27),AND(C27=G27,D27=F27)),8,0))
A28: Cuartos | B28: 3 | I28: =IF(OR(C28="",D28="",F28="",G28=""),0,IF(OR(AND(C28=F28,D28=G28),AND(C28=G28,D28=F28)),8,0))
A29: Cuartos | B29: 4 | I29: =IF(OR(C29="",D29="",F29="",G29=""),0,IF(OR(AND(C29=F29,D29=G29),AND(C29=G29,D29=F29)),8,0))
A30: Semifinal | B30: 1 | I30: =IF(OR(C30="",D30="",F30="",G30=""),0,IF(OR(AND(C30=F30,D30=G30),AND(C30=G30,D30=F30)),8,0))
A31: Semifinal | B31: 2 | I31: =IF(OR(C31="",D31="",F31="",G31=""),0,IF(OR(AND(C31=F31,D31=G31),AND(C31=G31,D31=F31)),8,0))
A32: 3er Puesto | B32: 1 | I32: =IF(OR(C32="",D32="",F32="",G32=""),0,IF(OR(AND(C32=F32,D32=G32),AND(C32=G32,D32=F32)),8,0))
A33: Final | B33: 1 | I33: =IF(OR(C33="",D33="",F33="",G33=""),0,IF(OR(AND(C33=F33,D33=G33),AND(C33=G33,D33=F33)),12,0))
A36: RESUMEN BRACKET (equipo clasificado + llave)
A37: 32avos — Llave (3 pts c/u) | C37: =SUM(I2:I17)
A38: Octavos — Equipo (2 pts c/u) | C38: =(MIN(COUNTIF(C18:D25,F18),1)+MIN(COUNTIF(C18:D25,F19),1)+MIN(COUNTIF(C18:D25,F20),1)+MIN(COUNTIF(C18:D25,F21),1)+MIN(COUNTIF(C18:D25,F22),1)+MIN(COUNTIF(C18:D25,F23),1)+MIN(COUNTIF(C18:D25,F24),1)+MIN(COUNTIF(C18:D25,F25),1)+MIN(COUNTIF(C18:D25,G18),1)+MIN(COUNTIF(C18:D25,G19),1)+MIN(COUNTIF(C18:D25,G20),1)+MIN(COUNTIF(C18:D25,G21),1)+MIN(COUNTIF(C18:D25,G22),1)+MIN(COUNTIF(C18:D25,G23),1)+MIN(COUNTIF(C18:D25,G24),1)+MIN(COUNTIF(C18:D25,G25),1))*2
A39: Octavos — Llave (4 pts c/u) | C39: =SUM(I18:I25)
A40: Cuartos — Equipo (4 pts c/u) | C40: =(MIN(COUNTIF(C26:D29,F26),1)+MIN(COUNTIF(C26:D29,F27),1)+MIN(COUNTIF(C26:D29,F28),1)+MIN(COUNTIF(C26:D29,F29),1)+MIN(COUNTIF(C26:D29,G26),1)+MIN(COUNTIF(C26:D29,G27),1)+MIN(COUNTIF(C26:D29,G28),1)+MIN(COUNTIF(C26:D29,G29),1))*4
A41: Cuartos — Llave (8 pts c/u) | C41: =SUM(I26:I29)
A42: Semifinal — Equipo (4 pts c/u) | C42: =(MIN(COUNTIF(C30:D31,F30),1)+MIN(COUNTIF(C30:D31,F31),1)+MIN(COUNTIF(C30:D31,G30),1)+MIN(COUNTIF(C30:D31,G31),1))*4
A43: Semifinal — Llave (8 pts c/u) | C43: =SUM(I30:I31)
A44: Final/3er — Equipo (8 pts c/u) | C44: =(MIN(COUNTIF(C33:D33,F33),1)+MIN(COUNTIF(C33:D33,G33),1))*8+(MIN(COUNTIF(C32:D32,F32),1)+MIN(COUNTIF(C32:D32,G32),1))*8
A45: 3er puesto — Llave (8 pts) | C45: =I32
A46: Final — Llave (12 pts) | C46: =I33
A47: Bonus Campeon (15 pts) | C47: =IF(AND(E33<>"",H33<>"",E33=H33),15,0)
A48: Bonus Subcampeon (10 pts) | C48: =IF(AND(C33<>"",D33<>"",F33<>"",G33<>"",E33<>"",H33<>""),IF(IF(E33=C33,D33,C33)=IF(H33=F33,G33,F33),10,0),0)
A49: Bonus 3er puesto (8 pts) | C49: =IF(AND(E32<>"",H32<>"",E32=H32),8,0)
A50: Bonus 4to puesto (6 pts) | C50: =IF(AND(C32<>"",D32<>"",F32<>"",G32<>"",E32<>"",H32<>""),IF(IF(E32=C32,D32,C32)=IF(H32=F32,G32,F32),6,0),0)
A52: TOTAL BRACKET (equipo+llave+bonus) | C52: =C37+C38+C39+C40+C41+C42+C43+C44+C45+C46+C47+C48+C49+C50

Sheet Goleador
A1: Pron. Goleador | B1: Real Goleador 1 | C1: Real Goleador 2 | D1: Real Goleador 3 | E1: Puntos
E2: =IF(TRIM(A2)="",0,IF(OR(EXACT(UPPER(TRIM(A2)),UPPER(TRIM(B2))),EXACT(UPPER(TRIM(A2)),UPPER(TRIM(C2))),EXACT(UPPER(TRIM(A2)),UPPER(TRIM(D2)))),10,0))

Sheet Resumen Puntaje
A1: Fase | B1: Puntos
A2: Grupos — marcador (exacto + resultado) | B2: =Grupos!I74
A3: Grupos — posicion exacta en tabla | B3: ='Tabla Grupos'!Z51
A4: 32avos — clasificado a dieciseisavos | B4: ='Tabla Grupos'!C116
A5: 32avos — llave del bracket | B5: ='Bracket'!C37
A6: 16avos (Octavos) — equipo + llave | B6: ='Bracket'!C38+'Bracket'!C39
A7: Cuartos — equipo + llave | B7: ='Bracket'!C40+'Bracket'!C41
A8: Semifinal — equipo + llave | B8: ='Bracket'!C42+'Bracket'!C43
A9: Final / 3er puesto — equipo + llaves + bonus | B9: ='Bracket'!C44+'Bracket'!C45+'Bracket'!C46+'Bracket'!C47+'Bracket'!C48+'Bracket'!C49+'Bracket'!C50
A10: Goleador | B10: =Goleador!E2
A11: TOTAL | B11: =SUM(B2:B10)
